Id,DatasetID,IndividualID,OriginalTraitName,OriginalTraitDef,OriginalTraitValue,OriginalTraitUnit,Habitat,LabField,SecondStressor,SecondStressorDef,SecondStressorValue,SecondStressorUnit,LocationText,LocationType,CoordinateType,Latitude,Longitude,Interactor1,Interactor1Common,Interactor1Kingdom,Interactor1Phylum,Interactor1Class,Interactor1Order,Interactor1Family,Interactor1Genus,Interactor1Species,Interactor1Stage,Interactor1Sex,Interactor1Temp,Interactor1TempUnit,Interactor1GrowthTemp,Interactor1GrowthTempUnit,Interactor1Size,Interactor1SizeUnit,Interactor1SizeType,FigureTable,Citation,DOI,SubmittedBy,ContributorEmail,Notes
92846,558,PHX331,longevity,individual-level duration of life stage,8.0,days,terrestrial,laboratory,resource supply,food quantity supplied at a constant rate ,0.1,mg individual-1 day-1,Fort Myers Florida,field,decimal,26.616667,-81.833333,Aedes aegypti,Yellow fever mosquito,Animalia,Arthropoda,Insecta,Diptera,Culicidae,Aedes,aegypti,adult (starved),female,22.0,Celsius,26.0,Celsius,2.93,mm,wing length,supplementary material,Huxley et al. 2021. The effect of resource limitation on the temperature-dependance of mosquito fitness. Proc. R. Soc. B. 288: 20203217.,10.1098/rspb.2020.3217,Paul Huxley,phuxly@gmail.com,
92848,558,PHX332,longevity,individual-level duration of life stage,5.0,days,terrestrial,laboratory,resource supply,food quantity supplied at a constant rate ,0.1,mg individual-1 day-1,Fort Myers Florida,field,decimal,26.616667,-81.833333,Aedes aegypti,Yellow fever mosquito,Animalia,Arthropoda,Insecta,Diptera,Culicidae,Aedes,aegypti,adult (starved),female,22.0,Celsius,26.0,Celsius,2.59,mm,wing length,supplementary material,Huxley et al. 2021. The effect of resource limitation on the temperature-dependance of mosquito fitness. Proc. R. Soc. B. 288: 20203217.,10.1098/rspb.2020.3217,Paul Huxley,phuxly@gmail.com,
92850,558,PHX333,longevity,individual-level duration of life stage,5.0,days,terrestrial,laboratory,resource supply,food quantity supplied at a constant rate ,0.1,mg individual-1 day-1,Fort Myers Florida,field,decimal,26.616667,-81.833333,Aedes aegypti,Yellow fever mosquito,Animalia,Arthropoda,Insecta,Diptera,Culicidae,Aedes,aegypti,adult (starved),female,22.0,Celsius,26.0,Celsius,2.41,mm,wing length,supplementary material,Huxley et al. 2021. The effect of resource limitation on the temperature-dependance of mosquito fitness. Proc. R. Soc. B. 288: 20203217.,10.1098/rspb.2020.3217,Paul Huxley,phuxly@gmail.com,
92852,558,PHX334,longevity,individual-level duration of life stage,6.0,days,terrestrial,laboratory,resource supply,food quantity supplied at a constant rate ,0.1,mg individual-1 day-1,Fort Myers Florida,field,decimal,26.616667,-81.833333,Aedes aegypti,Yellow fever mosquito,Animalia,Arthropoda,Insecta,Diptera,Culicidae,Aedes,aegypti,adult (starved),female,22.0,Celsius,26.0,Celsius,2.62,mm,wing length,supplementary material,Huxley et al. 2021. The effect of resource limitation on the temperature-dependance of mosquito fitness. Proc. R. Soc. B. 288: 20203217.,10.1098/rspb.2020.3217,Paul Huxley,phuxly@gmail.com,
92854,558,PHX335,longevity,individual-level duration of life stage,4.0,days,terrestrial,laboratory,resource supply,food quantity supplied at a constant rate ,0.1,mg individual-1 day-1,Fort Myers Florida,field,decimal,26.616667,-81.833333,Aedes aegypti,Yellow fever mosquito,Animalia,Arthropoda,Insecta,Diptera,Culicidae,Aedes,aegypti,adult (starved),female,22.0,Celsius,26.0,Celsius,2.28,mm,wing length,supplementary material,Huxley et al. 2021. The effect of resource limitation on the temperature-dependance of mosquito fitness. Proc. R. Soc. B. 288: 20203217.,10.1098/rspb.2020.3217,Paul Huxley,phuxly@gmail.com,
92856,558,PHX336,longevity,individual-level duration of life stage,6.0,days,terrestrial,laboratory,resource supply,food quantity supplied at a constant rate ,0.1,mg individual-1 day-1,Fort Myers Florida,field,decimal,26.616667,-81.833333,Aedes aegypti,Yellow fever mosquito,Animalia,Arthropoda,Insecta,Diptera,Culicidae,Aedes,aegypti,adult (starved),female,22.0,Celsius,26.0,Celsius,2.39,mm,wing length,supplementary material,Huxley et al. 2021. The effect of resource limitation on the temperature-dependance of mosquito fitness. Proc. R. Soc. B. 288: 20203217.,10.1098/rspb.2020.3217,Paul Huxley,phuxly@gmail.com,
92858,558,PHX337,longevity,individual-level duration of life stage,9.0,days,terrestrial,laboratory,resource supply,food quantity supplied at a constant rate ,0.1,mg individual-1 day-1,Fort Myers Florida,field,decimal,26.616667,-81.833333,Aedes aegypti,Yellow fever mosquito,Animalia,Arthropoda,Insecta,Diptera,Culicidae,Aedes,aegypti,adult (starved),female,22.0,Celsius,26.0,Celsius,2.99,mm,wing length,supplementary material,Huxley et al. 2021. The effect of resource limitation on the temperature-dependance of mosquito fitness. Proc. R. Soc. B. 288: 20203217.,10.1098/rspb.2020.3217,Paul Huxley,phuxly@gmail.com,
92860,558,PHX338,longevity,individual-level duration of life stage,1.0,days,terrestrial,laboratory,resource supply,food quantity supplied at a constant rate ,0.1,mg individual-1 day-1,Fort Myers Florida,field,decimal,26.616667,-81.833333,Aedes aegypti,Yellow fever mosquito,Animalia,Arthropoda,Insecta,Diptera,Culicidae,Aedes,aegypti,adult (starved),female,22.0,Celsius,26.0,Celsius,2.5,mm,wing length,supplementary material,Huxley et al. 2021. The effect of resource limitation on the temperature-dependance of mosquito fitness. Proc. R. Soc. B. 288: 20203217.,10.1098/rspb.2020.3217,Paul Huxley,phuxly@gmail.com,
92862,558,PHX339,longevity,individual-level duration of life stage,7.0,days,terrestrial,laboratory,resource supply,food quantity supplied at a constant rate ,0.1,mg individual-1 day-1,Fort Myers Florida,field,decimal,26.616667,-81.833333,Aedes aegypti,Yellow fever mosquito,Animalia,Arthropoda,Insecta,Diptera,Culicidae,Aedes,aegypti,adult (starved),female,22.0,Celsius,26.0,Celsius,2.75,mm,wing length,supplementary material,Huxley et al. 2021. The effect of resource limitation on the temperature-dependance of mosquito fitness. Proc. R. Soc. B. 288: 20203217.,10.1098/rspb.2020.3217,Paul Huxley,phuxly@gmail.com,
92864,558,PHX340,longevity,individual-level duration of life stage,7.0,days,terrestrial,laboratory,resource supply,food quantity supplied at a constant rate ,0.1,mg individual-1 day-1,Fort Myers Florida,field,decimal,26.616667,-81.833333,Aedes aegypti,Yellow fever mosquito,Animalia,Arthropoda,Insecta,Diptera,Culicidae,Aedes,aegypti,adult (starved),female,22.0,Celsius,26.0,Celsius,2.82,mm,wing length,supplementary material,Huxley et al. 2021. The effect of resource limitation on the temperature-dependance of mosquito fitness. Proc. R. Soc. B. 288: 20203217.,10.1098/rspb.2020.3217,Paul Huxley,phuxly@gmail.com,
92866,558,PHX341,longevity,individual-level duration of life stage,7.0,days,terrestrial,laboratory,resource supply,food quantity supplied at a constant rate ,0.1,mg individual-1 day-1,Fort Myers Florida,field,decimal,26.616667,-81.833333,Aedes aegypti,Yellow fever mosquito,Animalia,Arthropoda,Insecta,Diptera,Culicidae,Aedes,aegypti,adult (starved),female,22.0,Celsius,26.0,Celsius,2.66,mm,wing length,supplementary material,Huxley et al. 2021. The effect of resource limitation on the temperature-dependance of mosquito fitness. Proc. R. Soc. B. 288: 20203217.,10.1098/rspb.2020.3217,Paul Huxley,phuxly@gmail.com,
92868,558,PHX342,longevity,individual-level duration of life stage,5.0,days,terrestrial,laboratory,resource supply,food quantity supplied at a constant rate ,0.1,mg individual-1 day-1,Fort Myers Florida,field,decimal,26.616667,-81.833333,Aedes aegypti,Yellow fever mosquito,Animalia,Arthropoda,Insecta,Diptera,Culicidae,Aedes,aegypti,adult (starved),female,22.0,Celsius,26.0,Celsius,2.31,mm,wing length,supplementary material,Huxley et al. 2021. The effect of resource limitation on the temperature-dependance of mosquito fitness. Proc. R. Soc. B. 288: 20203217.,10.1098/rspb.2020.3217,Paul Huxley,phuxly@gmail.com,
92870,558,PHX343,longevity,individual-level duration of life stage,9.0,days,terrestrial,laboratory,resource supply,food quantity supplied at a constant rate ,0.1,mg individual-1 day-1,Fort Myers Florida,field,decimal,26.616667,-81.833333,Aedes aegypti,Yellow fever mosquito,Animalia,Arthropoda,Insecta,Diptera,Culicidae,Aedes,aegypti,adult (starved),female,22.0,Celsius,26.0,Celsius,2.84,mm,wing length,supplementary material,Huxley et al. 2021. The effect of resource limitation on the temperature-dependance of mosquito fitness. Proc. R. Soc. B. 288: 20203217.,10.1098/rspb.2020.3217,Paul Huxley,phuxly@gmail.com,
92872,558,PHX344,longevity,individual-level duration of life stage,7.0,days,terrestrial,laboratory,resource supply,food quantity supplied at a constant rate ,0.1,mg individual-1 day-1,Fort Myers Florida,field,decimal,26.616667,-81.833333,Aedes aegypti,Yellow fever mosquito,Animalia,Arthropoda,Insecta,Diptera,Culicidae,Aedes,aegypti,adult (starved),female,22.0,Celsius,26.0,Celsius,2.79,mm,wing length,supplementary material,Huxley et al. 2021. The effect of resource limitation on the temperature-dependance of mosquito fitness. Proc. R. Soc. B. 288: 20203217.,10.1098/rspb.2020.3217,Paul Huxley,phuxly@gmail.com,
92874,558,PHX345,longevity,individual-level duration of life stage,7.0,days,terrestrial,laboratory,resource supply,food quantity supplied at a constant rate ,0.1,mg individual-1 day-1,Fort Myers Florida,field,decimal,26.616667,-81.833333,Aedes aegypti,Yellow fever mosquito,Animalia,Arthropoda,Insecta,Diptera,Culicidae,Aedes,aegypti,adult (starved),female,22.0,Celsius,26.0,Celsius,2.68,mm,wing length,supplementary material,Huxley et al. 2021. The effect of resource limitation on the temperature-dependance of mosquito fitness. Proc. R. Soc. B. 288: 20203217.,10.1098/rspb.2020.3217,Paul Huxley,phuxly@gmail.com,
92876,558,PHX346,longevity,individual-level duration of life stage,6.0,days,terrestrial,laboratory,resource supply,food quantity supplied at a constant rate ,0.1,mg individual-1 day-1,Fort Myers Florida,field,decimal,26.616667,-81.833333,Aedes aegypti,Yellow fever mosquito,Animalia,Arthropoda,Insecta,Diptera,Culicidae,Aedes,aegypti,adult (starved),female,22.0,Celsius,26.0,Celsius,2.33,mm,wing length,supplementary material,Huxley et al. 2021. The effect of resource limitation on the temperature-dependance of mosquito fitness. Proc. R. Soc. B. 288: 20203217.,10.1098/rspb.2020.3217,Paul Huxley,phuxly@gmail.com,
92878,558,PHX347,longevity,individual-level duration of life stage,8.0,days,terrestrial,laboratory,resource supply,food quantity supplied at a constant rate ,0.1,mg individual-1 day-1,Fort Myers Florida,field,decimal,26.616667,-81.833333,Aedes aegypti,Yellow fever mosquito,Animalia,Arthropoda,Insecta,Diptera,Culicidae,Aedes,aegypti,adult (starved),female,22.0,Celsius,26.0,Celsius,2.84,mm,wing length,supplementary material,Huxley et al. 2021. The effect of resource limitation on the temperature-dependance of mosquito fitness. Proc. R. Soc. B. 288: 20203217.,10.1098/rspb.2020.3217,Paul Huxley,phuxly@gmail.com,
92880,558,PHX348,longevity,individual-level duration of life stage,9.0,days,terrestrial,laboratory,resource supply,food quantity supplied at a constant rate ,0.1,mg individual-1 day-1,Fort Myers Florida,field,decimal,26.616667,-81.833333,Aedes aegypti,Yellow fever mosquito,Animalia,Arthropoda,Insecta,Diptera,Culicidae,Aedes,aegypti,adult (starved),female,22.0,Celsius,26.0,Celsius,2.73,mm,wing length,supplementary material,Huxley et al. 2021. The effect of resource limitation on the temperature-dependance of mosquito fitness. Proc. R. Soc. B. 288: 20203217.,10.1098/rspb.2020.3217,Paul Huxley,phuxly@gmail.com,
92882,558,PHX349,longevity,individual-level duration of life stage,11.0,days,terrestrial,laboratory,resource supply,food quantity supplied at a constant rate ,0.1,mg individual-1 day-1,Fort Myers Florida,field,decimal,26.616667,-81.833333,Aedes aegypti,Yellow fever mosquito,Animalia,Arthropoda,Insecta,Diptera,Culicidae,Aedes,aegypti,adult (starved),female,22.0,Celsius,26.0,Celsius,2.91,mm,wing length,supplementary material,Huxley et al. 2021. The effect of resource limitation on the temperature-dependance of mosquito fitness. Proc. R. Soc. B. 288: 20203217.,10.1098/rspb.2020.3217,Paul Huxley,phuxly@gmail.com,
92884,558,PHX350,longevity,individual-level duration of life stage,6.0,days,terrestrial,laboratory,resource supply,food quantity supplied at a constant rate ,0.1,mg individual-1 day-1,Fort Myers Florida,field,decimal,26.616667,-81.833333,Aedes aegypti,Yellow fever mosquito,Animalia,Arthropoda,Insecta,Diptera,Culicidae,Aedes,aegypti,adult (starved),female,22.0,Celsius,26.0,Celsius,2.79,mm,wing length,supplementary material,Huxley et al. 2021. The effect of resource limitation on the temperature-dependance of mosquito fitness. Proc. R. Soc. B. 288: 20203217.,10.1098/rspb.2020.3217,Paul Huxley,phuxly@gmail.com,
92886,558,PHX351,longevity,individual-level duration of life stage,8.0,days,terrestrial,laboratory,resource supply,food quantity supplied at a constant rate ,0.1,mg individual-1 day-1,Fort Myers Florida,field,decimal,26.616667,-81.833333,Aedes aegypti,Yellow fever mosquito,Animalia,Arthropoda,Insecta,Diptera,Culicidae,Aedes,aegypti,adult (starved),female,22.0,Celsius,26.0,Celsius,2.89,mm,wing length,supplementary material,Huxley et al. 2021. The effect of resource limitation on the temperature-dependance of mosquito fitness. Proc. R. Soc. B. 288: 20203217.,10.1098/rspb.2020.3217,Paul Huxley,phuxly@gmail.com,
92888,558,PHX352,longevity,individual-level duration of life stage,8.0,days,terrestrial,laboratory,resource supply,food quantity supplied at a constant rate ,0.1,mg individual-1 day-1,Fort Myers Florida,field,decimal,26.616667,-81.833333,Aedes aegypti,Yellow fever mosquito,Animalia,Arthropoda,Insecta,Diptera,Culicidae,Aedes,aegypti,adult (starved),female,22.0,Celsius,26.0,Celsius,2.66,mm,wing length,supplementary material,Huxley et al. 2021. The effect of resource limitation on the temperature-dependance of mosquito fitness. Proc. R. Soc. B. 288: 20203217.,10.1098/rspb.2020.3217,Paul Huxley,phuxly@gmail.com,
92890,558,PHX353,longevity,individual-level duration of life stage,3.0,days,terrestrial,laboratory,resource supply,food quantity supplied at a constant rate ,0.1,mg individual-1 day-1,Fort Myers Florida,field,decimal,26.616667,-81.833333,Aedes aegypti,Yellow fever mosquito,Animalia,Arthropoda,Insecta,Diptera,Culicidae,Aedes,aegypti,adult (starved),female,22.0,Celsius,26.0,Celsius,2.3,mm,wing length,supplementary material,Huxley et al. 2021. The effect of resource limitation on the temperature-dependance of mosquito fitness. Proc. R. Soc. B. 288: 20203217.,10.1098/rspb.2020.3217,Paul Huxley,phuxly@gmail.com,
92892,558,PHX354,longevity,individual-level duration of life stage,6.0,days,terrestrial,laboratory,resource supply,food quantity supplied at a constant rate ,1.0,mg individual-1 day-1,Fort Myers Florida,field,decimal,26.616667,-81.833333,Aedes aegypti,Yellow fever mosquito,Animalia,Arthropoda,Insecta,Diptera,Culicidae,Aedes,aegypti,adult (starved),female,26.0,Celsius,26.0,Celsius,3.06,mm,wing length,supplementary material,Huxley et al. 2021. The effect of resource limitation on the temperature-dependance of mosquito fitness. Proc. R. Soc. B. 288: 20203217.,10.1098/rspb.2020.3217,Paul Huxley,phuxly@gmail.com,
92894,558,PHX355,longevity,individual-level duration of life stage,15.0,days,terrestrial,laboratory,resource supply,food quantity supplied at a constant rate ,1.0,mg individual-1 day-1,Fort Myers Florida,field,decimal,26.616667,-81.833333,Aedes aegypti,Yellow fever mosquito,Animalia,Arthropoda,Insecta,Diptera,Culicidae,Aedes,aegypti,adult (starved),female,22.0,Celsius,26.0,Celsius,3.23,mm,wing length,supplementary material,Huxley et al. 2021. The effect of resource limitation on the temperature-dependance of mosquito fitness. Proc. R. Soc. B. 288: 20203217.,10.1098/rspb.2020.3217,Paul Huxley,phuxly@gmail.com,
92896,558,PHX356,longevity,individual-level duration of life stage,11.0,days,terrestrial,laboratory,resource supply,food quantity supplied at a constant rate ,1.0,mg individual-1 day-1,Fort Myers Florida,field,decimal,26.616667,-81.833333,Aedes aegypti,Yellow fever mosquito,Animalia,Arthropoda,Insecta,Diptera,Culicidae,Aedes,aegypti,adult (starved),female,22.0,Celsius,26.0,Celsius,3.12,mm,wing length,supplementary material,Huxley et al. 2021. The effect of resource limitation on the temperature-dependance of mosquito fitness. Proc. R. Soc. B. 288: 20203217.,10.1098/rspb.2020.3217,Paul Huxley,phuxly@gmail.com,
92898,558,PHX357,longevity,individual-level duration of life stage,8.0,days,terrestrial,laboratory,resource supply,food quantity supplied at a constant rate ,1.0,mg individual-1 day-1,Fort Myers Florida,field,decimal,26.616667,-81.833333,Aedes aegypti,Yellow fever mosquito,Animalia,Arthropoda,Insecta,Diptera,Culicidae,Aedes,aegypti,adult (starved),female,26.0,Celsius,26.0,Celsius,3.02,mm,wing length,supplementary material,Huxley et al. 2021. The effect of resource limitation on the temperature-dependance of mosquito fitness. Proc. R. Soc. B. 288: 20203217.,10.1098/rspb.2020.3217,Paul Huxley,phuxly@gmail.com,
92900,558,PHX358,longevity,individual-level duration of life stage,4.0,days,terrestrial,laboratory,resource supply,food quantity supplied at a constant rate ,1.0,mg individual-1 day-1,Fort Myers Florida,field,decimal,26.616667,-81.833333,Aedes aegypti,Yellow fever mosquito,Animalia,Arthropoda,Insecta,Diptera,Culicidae,Aedes,aegypti,adult (starved),female,26.0,Celsius,26.0,Celsius,2.85,mm,wing length,supplementary material,Huxley et al. 2021. The effect of resource limitation on the temperature-dependance of mosquito fitness. Proc. R. Soc. B. 288: 20203217.,10.1098/rspb.2020.3217,Paul Huxley,phuxly@gmail.com,
92902,558,PHX359,longevity,individual-level duration of life stage,6.0,days,terrestrial,laboratory,resource supply,food quantity supplied at a constant rate ,1.0,mg individual-1 day-1,Fort Myers Florida,field,decimal,26.616667,-81.833333,Aedes aegypti,Yellow fever mosquito,Animalia,Arthropoda,Insecta,Diptera,Culicidae,Aedes,aegypti,adult (starved),female,26.0,Celsius,26.0,Celsius,2.8,mm,wing length,supplementary material,Huxley et al. 2021. The effect of resource limitation on the temperature-dependance of mosquito fitness. Proc. R. Soc. B. 288: 20203217.,10.1098/rspb.2020.3217,Paul Huxley,phuxly@gmail.com,
92904,558,PHX360,longevity,individual-level duration of life stage,14.0,days,terrestrial,laboratory,resource supply,food quantity supplied at a constant rate ,1.0,mg individual-1 day-1,Fort Myers Florida,field,decimal,26.616667,-81.833333,Aedes aegypti,Yellow fever mosquito,Animalia,Arthropoda,Insecta,Diptera,Culicidae,Aedes,aegypti,adult (starved),female,22.0,Celsius,26.0,Celsius,3.23,mm,wing length,supplementary material,Huxley et al. 2021. The effect of resource limitation on the temperature-dependance of mosquito fitness. Proc. R. Soc. B. 288: 20203217.,10.1098/rspb.2020.3217,Paul Huxley,phuxly@gmail.com,
92906,558,PHX361,longevity,individual-level duration of life stage,12.0,days,terrestrial,laboratory,resource supply,food quantity supplied at a constant rate ,1.0,mg individual-1 day-1,Fort Myers Florida,field,decimal,26.616667,-81.833333,Aedes aegypti,Yellow fever mosquito,Animalia,Arthropoda,Insecta,Diptera,Culicidae,Aedes,aegypti,adult (starved),female,22.0,Celsius,26.0,Celsius,3.17,mm,wing length,supplementary material,Huxley et al. 2021. The effect of resource limitation on the temperature-dependance of mosquito fitness. Proc. R. Soc. B. 288: 20203217.,10.1098/rspb.2020.3217,Paul Huxley,phuxly@gmail.com,
92908,558,PHX362,longevity,individual-level duration of life stage,11.0,days,terrestrial,laboratory,resource supply,food quantity supplied at a constant rate ,1.0,mg individual-1 day-1,Fort Myers Florida,field,decimal,26.616667,-81.833333,Aedes aegypti,Yellow fever mosquito,Animalia,Arthropoda,Insecta,Diptera,Culicidae,Aedes,aegypti,adult (starved),female,22.0,Celsius,26.0,Celsius,3.09,mm,wing length,supplementary material,Huxley et al. 2021. The effect of resource limitation on the temperature-dependance of mosquito fitness. Proc. R. Soc. B. 288: 20203217.,10.1098/rspb.2020.3217,Paul Huxley,phuxly@gmail.com,
92910,558,PHX363,longevity,individual-level duration of life stage,12.0,days,terrestrial,laboratory,resource supply,food quantity supplied at a constant rate ,1.0,mg individual-1 day-1,Fort Myers Florida,field,decimal,26.616667,-81.833333,Aedes aegypti,Yellow fever mosquito,Animalia,Arthropoda,Insecta,Diptera,Culicidae,Aedes,aegypti,adult (starved),female,22.0,Celsius,26.0,Celsius,3.08,mm,wing length,supplementary material,Huxley et al. 2021. The effect of resource limitation on the temperature-dependance of mosquito fitness. Proc. R. Soc. B. 288: 20203217.,10.1098/rspb.2020.3217,Paul Huxley,phuxly@gmail.com,
92912,558,PHX364,longevity,individual-level duration of life stage,9.0,days,terrestrial,laboratory,resource supply,food quantity supplied at a constant rate ,1.0,mg individual-1 day-1,Fort Myers Florida,field,decimal,26.616667,-81.833333,Aedes aegypti,Yellow fever mosquito,Animalia,Arthropoda,Insecta,Diptera,Culicidae,Aedes,aegypti,adult (starved),female,22.0,Celsius,26.0,Celsius,3.14,mm,wing length,supplementary material,Huxley et al. 2021. The effect of resource limitation on the temperature-dependance of mosquito fitness. Proc. R. Soc. B. 288: 20203217.,10.1098/rspb.2020.3217,Paul Huxley,phuxly@gmail.com,
92914,558,PHX365,longevity,individual-level duration of life stage,12.0,days,terrestrial,laboratory,resource supply,food quantity supplied at a constant rate ,1.0,mg individual-1 day-1,Fort Myers Florida,field,decimal,26.616667,-81.833333,Aedes aegypti,Yellow fever mosquito,Animalia,Arthropoda,Insecta,Diptera,Culicidae,Aedes,aegypti,adult (starved),female,22.0,Celsius,26.0,Celsius,3.27,mm,wing length,supplementary material,Huxley et al. 2021. The effect of resource limitation on the temperature-dependance of mosquito fitness. Proc. R. Soc. B. 288: 20203217.,10.1098/rspb.2020.3217,Paul Huxley,phuxly@gmail.com,
92916,558,PHX366,longevity,individual-level duration of life stage,11.0,days,terrestrial,laboratory,resource supply,food quantity supplied at a constant rate ,1.0,mg individual-1 day-1,Fort Myers Florida,field,decimal,26.616667,-81.833333,Aedes aegypti,Yellow fever mosquito,Animalia,Arthropoda,Insecta,Diptera,Culicidae,Aedes,aegypti,adult (starved),female,22.0,Celsius,26.0,Celsius,3.26,mm,wing length,supplementary material,Huxley et al. 2021. The effect of resource limitation on the temperature-dependance of mosquito fitness. Proc. R. Soc. B. 288: 20203217.,10.1098/rspb.2020.3217,Paul Huxley,phuxly@gmail.com,
92918,558,PHX367,longevity,individual-level duration of life stage,8.0,days,terrestrial,laboratory,resource supply,food quantity supplied at a constant rate ,1.0,mg individual-1 day-1,Fort Myers Florida,field,decimal,26.616667,-81.833333,Aedes aegypti,Yellow fever mosquito,Animalia,Arthropoda,Insecta,Diptera,Culicidae,Aedes,aegypti,adult (starved),female,22.0,Celsius,26.0,Celsius,3.03,mm,wing length,supplementary material,Huxley et al. 2021. The effect of resource limitation on the temperature-dependance of mosquito fitness. Proc. R. Soc. B. 288: 20203217.,10.1098/rspb.2020.3217,Paul Huxley,phuxly@gmail.com,
92920,558,PHX368,longevity,individual-level duration of life stage,13.0,days,terrestrial,laboratory,resource supply,food quantity supplied at a constant rate ,1.0,mg individual-1 day-1,Fort Myers Florida,field,decimal,26.616667,-81.833333,Aedes aegypti,Yellow fever mosquito,Animalia,Arthropoda,Insecta,Diptera,Culicidae,Aedes,aegypti,adult (starved),female,22.0,Celsius,26.0,Celsius,0.0,mm,wing length,supplementary material,Huxley et al. 2021. The effect of resource limitation on the temperature-dependance of mosquito fitness. Proc. R. Soc. B. 288: 20203217.,10.1098/rspb.2020.3217,Paul Huxley,phuxly@gmail.com,wing length was not measured for this individual: zero assigned 
92922,558,PHX369,longevity,individual-level duration of life stage,11.0,days,terrestrial,laboratory,resource supply,food quantity supplied at a constant rate ,1.0,mg individual-1 day-1,Fort Myers Florida,field,decimal,26.616667,-81.833333,Aedes aegypti,Yellow fever mosquito,Animalia,Arthropoda,Insecta,Diptera,Culicidae,Aedes,aegypti,adult (starved),female,22.0,Celsius,26.0,Celsius,3.11,mm,wing length,supplementary material,Huxley et al. 2021. The effect of resource limitation on the temperature-dependance of mosquito fitness. Proc. R. Soc. B. 288: 20203217.,10.1098/rspb.2020.3217,Paul Huxley,phuxly@gmail.com,
92924,558,PHX370,longevity,individual-level duration of life stage,12.0,days,terrestrial,laboratory,resource supply,food quantity supplied at a constant rate ,1.0,mg individual-1 day-1,Fort Myers Florida,field,decimal,26.616667,-81.833333,Aedes aegypti,Yellow fever mosquito,Animalia,Arthropoda,Insecta,Diptera,Culicidae,Aedes,aegypti,adult (starved),female,22.0,Celsius,26.0,Celsius,3.1,mm,wing length,supplementary material,Huxley et al. 2021. The effect of resource limitation on the temperature-dependance of mosquito fitness. Proc. R. Soc. B. 288: 20203217.,10.1098/rspb.2020.3217,Paul Huxley,phuxly@gmail.com,
92926,558,PHX371,longevity,individual-level duration of life stage,15.0,days,terrestrial,laboratory,resource supply,food quantity supplied at a constant rate ,1.0,mg individual-1 day-1,Fort Myers Florida,field,decimal,26.616667,-81.833333,Aedes aegypti,Yellow fever mosquito,Animalia,Arthropoda,Insecta,Diptera,Culicidae,Aedes,aegypti,adult (starved),female,22.0,Celsius,26.0,Celsius,3.19,mm,wing length,supplementary material,Huxley et al. 2021. The effect of resource limitation on the temperature-dependance of mosquito fitness. Proc. R. Soc. B. 288: 20203217.,10.1098/rspb.2020.3217,Paul Huxley,phuxly@gmail.com,
92928,558,PHX372,longevity,individual-level duration of life stage,13.0,days,terrestrial,laboratory,resource supply,food quantity supplied at a constant rate ,1.0,mg individual-1 day-1,Fort Myers Florida,field,decimal,26.616667,-81.833333,Aedes aegypti,Yellow fever mosquito,Animalia,Arthropoda,Insecta,Diptera,Culicidae,Aedes,aegypti,adult (starved),female,22.0,Celsius,26.0,Celsius,0.0,mm,wing length,supplementary material,Huxley et al. 2021. The effect of resource limitation on the temperature-dependance of mosquito fitness. Proc. R. Soc. B. 288: 20203217.,10.1098/rspb.2020.3217,Paul Huxley,phuxly@gmail.com,wing length was not measured for this individual: zero assigned 
92930,558,PHX373,longevity,individual-level duration of life stage,13.0,days,terrestrial,laboratory,resource supply,food quantity supplied at a constant rate ,1.0,mg individual-1 day-1,Fort Myers Florida,field,decimal,26.616667,-81.833333,Aedes aegypti,Yellow fever mosquito,Animalia,Arthropoda,Insecta,Diptera,Culicidae,Aedes,aegypti,adult (starved),female,22.0,Celsius,26.0,Celsius,3.13,mm,wing length,supplementary material,Huxley et al. 2021. The effect of resource limitation on the temperature-dependance of mosquito fitness. Proc. R. Soc. B. 288: 20203217.,10.1098/rspb.2020.3217,Paul Huxley,phuxly@gmail.com,
92932,558,PHX374,longevity,individual-level duration of life stage,12.0,days,terrestrial,laboratory,resource supply,food quantity supplied at a constant rate ,1.0,mg individual-1 day-1,Fort Myers Florida,field,decimal,26.616667,-81.833333,Aedes aegypti,Yellow fever mosquito,Animalia,Arthropoda,Insecta,Diptera,Culicidae,Aedes,aegypti,adult (starved),female,22.0,Celsius,26.0,Celsius,3.26,mm,wing length,supplementary material,Huxley et al. 2021. The effect of resource limitation on the temperature-dependance of mosquito fitness. Proc. R. Soc. B. 288: 20203217.,10.1098/rspb.2020.3217,Paul Huxley,phuxly@gmail.com,
92934,558,PHX375,longevity,individual-level duration of life stage,15.0,days,terrestrial,laboratory,resource supply,food quantity supplied at a constant rate ,1.0,mg individual-1 day-1,Fort Myers Florida,field,decimal,26.616667,-81.833333,Aedes aegypti,Yellow fever mosquito,Animalia,Arthropoda,Insecta,Diptera,Culicidae,Aedes,aegypti,adult (starved),female,22.0,Celsius,26.0,Celsius,2.97,mm,wing length,supplementary material,Huxley et al. 2021. The effect of resource limitation on the temperature-dependance of mosquito fitness. Proc. R. Soc. B. 288: 20203217.,10.1098/rspb.2020.3217,Paul Huxley,phuxly@gmail.com,
92936,558,PHX376,longevity,individual-level duration of life stage,9.0,days,terrestrial,laboratory,resource supply,food quantity supplied at a constant rate ,1.0,mg individual-1 day-1,Fort Myers Florida,field,decimal,26.616667,-81.833333,Aedes aegypti,Yellow fever mosquito,Animalia,Arthropoda,Insecta,Diptera,Culicidae,Aedes,aegypti,adult (starved),female,22.0,Celsius,26.0,Celsius,3.05,mm,wing length,supplementary material,Huxley et al. 2021. The effect of resource limitation on the temperature-dependance of mosquito fitness. Proc. R. Soc. B. 288: 20203217.,10.1098/rspb.2020.3217,Paul Huxley,phuxly@gmail.com,
92938,558,PHX377,longevity,individual-level duration of life stage,10.0,days,terrestrial,laboratory,resource supply,food quantity supplied at a constant rate ,1.0,mg individual-1 day-1,Fort Myers Florida,field,decimal,26.616667,-81.833333,Aedes aegypti,Yellow fever mosquito,Animalia,Arthropoda,Insecta,Diptera,Culicidae,Aedes,aegypti,adult (starved),female,22.0,Celsius,26.0,Celsius,3.2,mm,wing length,supplementary material,Huxley et al. 2021. The effect of resource limitation on the temperature-dependance of mosquito fitness. Proc. R. Soc. B. 288: 20203217.,10.1098/rspb.2020.3217,Paul Huxley,phuxly@gmail.com,
92940,558,PHX378,longevity,individual-level duration of life stage,11.0,days,terrestrial,laboratory,resource supply,food quantity supplied at a constant rate ,1.0,mg individual-1 day-1,Fort Myers Florida,field,decimal,26.616667,-81.833333,Aedes aegypti,Yellow fever mosquito,Animalia,Arthropoda,Insecta,Diptera,Culicidae,Aedes,aegypti,adult (starved),female,22.0,Celsius,26.0,Celsius,3.21,mm,wing length,supplementary material,Huxley et al. 2021. The effect of resource limitation on the temperature-dependance of mosquito fitness. Proc. R. Soc. B. 288: 20203217.,10.1098/rspb.2020.3217,Paul Huxley,phuxly@gmail.com,
92942,558,PHX379,longevity,individual-level duration of life stage,10.0,days,terrestrial,laboratory,resource supply,food quantity supplied at a constant rate ,1.0,mg individual-1 day-1,Fort Myers Florida,field,decimal,26.616667,-81.833333,Aedes aegypti,Yellow fever mosquito,Animalia,Arthropoda,Insecta,Diptera,Culicidae,Aedes,aegypti,adult (starved),female,22.0,Celsius,26.0,Celsius,3.09,mm,wing length,supplementary material,Huxley et al. 2021. The effect of resource limitation on the temperature-dependance of mosquito fitness. Proc. R. Soc. B. 288: 20203217.,10.1098/rspb.2020.3217,Paul Huxley,phuxly@gmail.com,
92944,558,PHX380,longevity,individual-level duration of life stage,11.0,days,terrestrial,laboratory,resource supply,food quantity supplied at a constant rate ,1.0,mg individual-1 day-1,Fort Myers Florida,field,decimal,26.616667,-81.833333,Aedes aegypti,Yellow fever mosquito,Animalia,Arthropoda,Insecta,Diptera,Culicidae,Aedes,aegypti,adult (starved),female,22.0,Celsius,26.0,Celsius,3.06,mm,wing length,supplementary material,Huxley et al. 2021. The effect of resource limitation on the temperature-dependance of mosquito fitness. Proc. R. Soc. B. 288: 20203217.,10.1098/rspb.2020.3217,Paul Huxley,phuxly@gmail.com,
92947,558,PHX381,longevity,individual-level duration of life stage,7.0,days,terrestrial,laboratory,resource supply,food quantity supplied at a constant rate ,1.0,mg individual-1 day-1,Fort Myers Florida,field,decimal,26.616667,-81.833333,Aedes aegypti,Yellow fever mosquito,Animalia,Arthropoda,Insecta,Diptera,Culicidae,Aedes,aegypti,adult (starved),female,22.0,Celsius,26.0,Celsius,3.13,mm,wing length,supplementary material,Huxley et al. 2021. The effect of resource limitation on the temperature-dependance of mosquito fitness. Proc. R. Soc. B. 288: 20203217.,10.1098/rspb.2020.3217,Paul Huxley,phuxly@gmail.com,
92949,558,PHX382,longevity,individual-level duration of life stage,11.0,days,terrestrial,laboratory,resource supply,food quantity supplied at a constant rate ,1.0,mg individual-1 day-1,Fort Myers Florida,field,decimal,26.616667,-81.833333,Aedes aegypti,Yellow fever mosquito,Animalia,Arthropoda,Insecta,Diptera,Culicidae,Aedes,aegypti,adult (starved),female,22.0,Celsius,26.0,Celsius,3.19,mm,wing length,supplementary material,Huxley et al. 2021. The effect of resource limitation on the temperature-dependance of mosquito fitness. Proc. R. Soc. B. 288: 20203217.,10.1098/rspb.2020.3217,Paul Huxley,phuxly@gmail.com,
92951,558,PHX383,longevity,individual-level duration of life stage,11.0,days,terrestrial,laboratory,resource supply,food quantity supplied at a constant rate ,1.0,mg individual-1 day-1,Fort Myers Florida,field,decimal,26.616667,-81.833333,Aedes aegypti,Yellow fever mosquito,Animalia,Arthropoda,Insecta,Diptera,Culicidae,Aedes,aegypti,adult (starved),female,22.0,Celsius,26.0,Celsius,3.21,mm,wing length,supplementary material,Huxley et al. 2021. The effect of resource limitation on the temperature-dependance of mosquito fitness. Proc. R. Soc. B. 288: 20203217.,10.1098/rspb.2020.3217,Paul Huxley,phuxly@gmail.com,
92953,558,PHX384,longevity,individual-level duration of life stage,10.0,days,terrestrial,laboratory,resource supply,food quantity supplied at a constant rate ,1.0,mg individual-1 day-1,Fort Myers Florida,field,decimal,26.616667,-81.833333,Aedes aegypti,Yellow fever mosquito,Animalia,Arthropoda,Insecta,Diptera,Culicidae,Aedes,aegypti,adult (starved),female,22.0,Celsius,26.0,Celsius,3.02,mm,wing length,supplementary material,Huxley et al. 2021. The effect of resource limitation on the temperature-dependance of mosquito fitness. Proc. R. Soc. B. 288: 20203217.,10.1098/rspb.2020.3217,Paul Huxley,phuxly@gmail.com,
92955,558,PHX385,longevity,individual-level duration of life stage,10.0,days,terrestrial,laboratory,resource supply,food quantity supplied at a constant rate ,1.0,mg individual-1 day-1,Fort Myers Florida,field,decimal,26.616667,-81.833333,Aedes aegypti,Yellow fever mosquito,Animalia,Arthropoda,Insecta,Diptera,Culicidae,Aedes,aegypti,adult (starved),female,22.0,Celsius,26.0,Celsius,3.08,mm,wing length,supplementary material,Huxley et al. 2021. The effect of resource limitation on the temperature-dependance of mosquito fitness. Proc. R. Soc. B. 288: 20203217.,10.1098/rspb.2020.3217,Paul Huxley,phuxly@gmail.com,
92957,558,PHX386,longevity,individual-level duration of life stage,10.0,days,terrestrial,laboratory,resource supply,food quantity supplied at a constant rate ,1.0,mg individual-1 day-1,Fort Myers Florida,field,decimal,26.616667,-81.833333,Aedes aegypti,Yellow fever mosquito,Animalia,Arthropoda,Insecta,Diptera,Culicidae,Aedes,aegypti,adult (starved),female,22.0,Celsius,26.0,Celsius,3.27,mm,wing length,supplementary material,Huxley et al. 2021. The effect of resource limitation on the temperature-dependance of mosquito fitness. Proc. R. Soc. B. 288: 20203217.,10.1098/rspb.2020.3217,Paul Huxley,phuxly@gmail.com,
92959,558,PHX387,longevity,individual-level duration of life stage,6.0,days,terrestrial,laboratory,resource supply,food quantity supplied at a constant rate ,0.1,mg individual-1 day-1,Fort Myers Florida,field,decimal,26.616667,-81.833333,Aedes aegypti,Yellow fever mosquito,Animalia,Arthropoda,Insecta,Diptera,Culicidae,Aedes,aegypti,adult (starved),female,26.0,Celsius,26.0,Celsius,2.07,mm,wing length,supplementary material,Huxley et al. 2021. The effect of resource limitation on the temperature-dependance of mosquito fitness. Proc. R. Soc. B. 288: 20203217.,10.1098/rspb.2020.3217,Paul Huxley,phuxly@gmail.com,
92960,558,PHX388,longevity,individual-level duration of life stage,9.0,days,terrestrial,laboratory,resource supply,food quantity supplied at a constant rate ,0.1,mg individual-1 day-1,Fort Myers Florida,field,decimal,26.616667,-81.833333,Aedes aegypti,Yellow fever mosquito,Animalia,Arthropoda,Insecta,Diptera,Culicidae,Aedes,aegypti,adult (starved),female,26.0,Celsius,26.0,Celsius,2.3,mm,wing length,supplementary material,Huxley et al. 2021. The effect of resource limitation on the temperature-dependance of mosquito fitness. Proc. R. Soc. B. 288: 20203217.,10.1098/rspb.2020.3217,Paul Huxley,phuxly@gmail.com,
92962,558,PHX389,longevity,individual-level duration of life stage,7.0,days,terrestrial,laboratory,resource supply,food quantity supplied at a constant rate ,0.1,mg individual-1 day-1,Fort Myers Florida,field,decimal,26.616667,-81.833333,Aedes aegypti,Yellow fever mosquito,Animalia,Arthropoda,Insecta,Diptera,Culicidae,Aedes,aegypti,adult (starved),female,26.0,Celsius,26.0,Celsius,2.67,mm,wing length,supplementary material,Huxley et al. 2021. The effect of resource limitation on the temperature-dependance of mosquito fitness. Proc. R. Soc. B. 288: 20203217.,10.1098/rspb.2020.3217,Paul Huxley,phuxly@gmail.com,
92964,558,PHX390,longevity,individual-level duration of life stage,6.0,days,terrestrial,laboratory,resource supply,food quantity supplied at a constant rate ,1.0,mg individual-1 day-1,Fort Myers Florida,field,decimal,26.616667,-81.833333,Aedes aegypti,Yellow fever mosquito,Animalia,Arthropoda,Insecta,Diptera,Culicidae,Aedes,aegypti,adult (starved),female,26.0,Celsius,26.0,Celsius,0.0,mm,wing length,supplementary material,Huxley et al. 2021. The effect of resource limitation on the temperature-dependance of mosquito fitness. Proc. R. Soc. B. 288: 20203217.,10.1098/rspb.2020.3217,Paul Huxley,phuxly@gmail.com,wing length was not measured for this individual: zero assigned 
92966,558,PHX391,longevity,individual-level duration of life stage,4.0,days,terrestrial,laboratory,resource supply,food quantity supplied at a constant rate ,0.1,mg individual-1 day-1,Fort Myers Florida,field,decimal,26.616667,-81.833333,Aedes aegypti,Yellow fever mosquito,Animalia,Arthropoda,Insecta,Diptera,Culicidae,Aedes,aegypti,adult (starved),female,26.0,Celsius,26.0,Celsius,2.41,mm,wing length,supplementary material,Huxley et al. 2021. The effect of resource limitation on the temperature-dependance of mosquito fitness. Proc. R. Soc. B. 288: 20203217.,10.1098/rspb.2020.3217,Paul Huxley,phuxly@gmail.com,
92968,558,PHX392,longevity,individual-level duration of life stage,3.0,days,terrestrial,laboratory,resource supply,food quantity supplied at a constant rate ,0.1,mg individual-1 day-1,Fort Myers Florida,field,decimal,26.616667,-81.833333,Aedes aegypti,Yellow fever mosquito,Animalia,Arthropoda,Insecta,Diptera,Culicidae,Aedes,aegypti,adult (starved),female,26.0,Celsius,26.0,Celsius,2.4,mm,wing length,supplementary material,Huxley et al. 2021. The effect of resource limitation on the temperature-dependance of mosquito fitness. Proc. R. Soc. B. 288: 20203217.,10.1098/rspb.2020.3217,Paul Huxley,phuxly@gmail.com,
92970,558,PHX393,longevity,individual-level duration of life stage,5.0,days,terrestrial,laboratory,resource supply,food quantity supplied at a constant rate ,0.1,mg individual-1 day-1,Fort Myers Florida,field,decimal,26.616667,-81.833333,Aedes aegypti,Yellow fever mosquito,Animalia,Arthropoda,Insecta,Diptera,Culicidae,Aedes,aegypti,adult (starved),female,26.0,Celsius,26.0,Celsius,2.48,mm,wing length,supplementary material,Huxley et al. 2021. The effect of resource limitation on the temperature-dependance of mosquito fitness. Proc. R. Soc. B. 288: 20203217.,10.1098/rspb.2020.3217,Paul Huxley,phuxly@gmail.com,
92972,558,PHX394,longevity,individual-level duration of life stage,7.0,days,terrestrial,laboratory,resource supply,food quantity supplied at a constant rate ,0.1,mg individual-1 day-1,Fort Myers Florida,field,decimal,26.616667,-81.833333,Aedes aegypti,Yellow fever mosquito,Animalia,Arthropoda,Insecta,Diptera,Culicidae,Aedes,aegypti,adult (starved),female,26.0,Celsius,26.0,Celsius,2.66,mm,wing length,supplementary material,Huxley et al. 2021. The effect of resource limitation on the temperature-dependance of mosquito fitness. Proc. R. Soc. B. 288: 20203217.,10.1098/rspb.2020.3217,Paul Huxley,phuxly@gmail.com,
92974,558,PHX395,longevity,individual-level duration of life stage,4.0,days,terrestrial,laboratory,resource supply,food quantity supplied at a constant rate ,0.1,mg individual-1 day-1,Fort Myers Florida,field,decimal,26.616667,-81.833333,Aedes aegypti,Yellow fever mosquito,Animalia,Arthropoda,Insecta,Diptera,Culicidae,Aedes,aegypti,adult (starved),female,26.0,Celsius,26.0,Celsius,2.36,mm,wing length,supplementary material,Huxley et al. 2021. The effect of resource limitation on the temperature-dependance of mosquito fitness. Proc. R. Soc. B. 288: 20203217.,10.1098/rspb.2020.3217,Paul Huxley,phuxly@gmail.com,
92976,558,PHX396,longevity,individual-level duration of life stage,5.0,days,terrestrial,laboratory,resource supply,food quantity supplied at a constant rate ,0.1,mg individual-1 day-1,Fort Myers Florida,field,decimal,26.616667,-81.833333,Aedes aegypti,Yellow fever mosquito,Animalia,Arthropoda,Insecta,Diptera,Culicidae,Aedes,aegypti,adult (starved),female,26.0,Celsius,26.0,Celsius,2.29,mm,wing length,supplementary material,Huxley et al. 2021. The effect of resource limitation on the temperature-dependance of mosquito fitness. Proc. R. Soc. B. 288: 20203217.,10.1098/rspb.2020.3217,Paul Huxley,phuxly@gmail.com,
92979,558,PHX397,longevity,individual-level duration of life stage,4.0,days,terrestrial,laboratory,resource supply,food quantity supplied at a constant rate ,0.1,mg individual-1 day-1,Fort Myers Florida,field,decimal,26.616667,-81.833333,Aedes aegypti,Yellow fever mosquito,Animalia,Arthropoda,Insecta,Diptera,Culicidae,Aedes,aegypti,adult (starved),female,26.0,Celsius,26.0,Celsius,2.24,mm,wing length,supplementary material,Huxley et al. 2021. The effect of resource limitation on the temperature-dependance of mosquito fitness. Proc. R. Soc. B. 288: 20203217.,10.1098/rspb.2020.3217,Paul Huxley,phuxly@gmail.com,
92981,558,PHX398,longevity,individual-level duration of life stage,8.0,days,terrestrial,laboratory,resource supply,food quantity supplied at a constant rate ,0.1,mg individual-1 day-1,Fort Myers Florida,field,decimal,26.616667,-81.833333,Aedes aegypti,Yellow fever mosquito,Animalia,Arthropoda,Insecta,Diptera,Culicidae,Aedes,aegypti,adult (starved),female,26.0,Celsius,26.0,Celsius,2.45,mm,wing length,supplementary material,Huxley et al. 2021. The effect of resource limitation on the temperature-dependance of mosquito fitness. Proc. R. Soc. B. 288: 20203217.,10.1098/rspb.2020.3217,Paul Huxley,phuxly@gmail.com,
92983,558,PHX399,longevity,individual-level duration of life stage,8.0,days,terrestrial,laboratory,resource supply,food quantity supplied at a constant rate ,0.1,mg individual-1 day-1,Fort Myers Florida,field,decimal,26.616667,-81.833333,Aedes aegypti,Yellow fever mosquito,Animalia,Arthropoda,Insecta,Diptera,Culicidae,Aedes,aegypti,adult (starved),female,26.0,Celsius,26.0,Celsius,2.62,mm,wing length,supplementary material,Huxley et al. 2021. The effect of resource limitation on the temperature-dependance of mosquito fitness. Proc. R. Soc. B. 288: 20203217.,10.1098/rspb.2020.3217,Paul Huxley,phuxly@gmail.com,
92985,558,PHX400,longevity,individual-level duration of life stage,6.0,days,terrestrial,laboratory,resource supply,food quantity supplied at a constant rate ,0.1,mg individual-1 day-1,Fort Myers Florida,field,decimal,26.616667,-81.833333,Aedes aegypti,Yellow fever mosquito,Animalia,Arthropoda,Insecta,Diptera,Culicidae,Aedes,aegypti,adult (starved),female,26.0,Celsius,26.0,Celsius,2.73,mm,wing length,supplementary material,Huxley et al. 2021. The effect of resource limitation on the temperature-dependance of mosquito fitness. Proc. R. Soc. B. 288: 20203217.,10.1098/rspb.2020.3217,Paul Huxley,phuxly@gmail.com,
92987,558,PHX401,longevity,individual-level duration of life stage,5.0,days,terrestrial,laboratory,resource supply,food quantity supplied at a constant rate ,0.1,mg individual-1 day-1,Fort Myers Florida,field,decimal,26.616667,-81.833333,Aedes aegypti,Yellow fever mosquito,Animalia,Arthropoda,Insecta,Diptera,Culicidae,Aedes,aegypti,adult (starved),female,26.0,Celsius,26.0,Celsius,2.6,mm,wing length,supplementary material,Huxley et al. 2021. The effect of resource limitation on the temperature-dependance of mosquito fitness. Proc. R. Soc. B. 288: 20203217.,10.1098/rspb.2020.3217,Paul Huxley,phuxly@gmail.com,
92989,558,PHX402,longevity,individual-level duration of life stage,3.0,days,terrestrial,laboratory,resource supply,food quantity supplied at a constant rate ,0.1,mg individual-1 day-1,Fort Myers Florida,field,decimal,26.616667,-81.833333,Aedes aegypti,Yellow fever mosquito,Animalia,Arthropoda,Insecta,Diptera,Culicidae,Aedes,aegypti,adult (starved),female,26.0,Celsius,26.0,Celsius,2.3,mm,wing length,supplementary material,Huxley et al. 2021. The effect of resource limitation on the temperature-dependance of mosquito fitness. Proc. R. Soc. B. 288: 20203217.,10.1098/rspb.2020.3217,Paul Huxley,phuxly@gmail.com,
92991,558,PHX403,longevity,individual-level duration of life stage,4.0,days,terrestrial,laboratory,resource supply,food quantity supplied at a constant rate ,0.1,mg individual-1 day-1,Fort Myers Florida,field,decimal,26.616667,-81.833333,Aedes aegypti,Yellow fever mosquito,Animalia,Arthropoda,Insecta,Diptera,Culicidae,Aedes,aegypti,adult (starved),female,26.0,Celsius,26.0,Celsius,2.41,mm,wing length,supplementary material,Huxley et al. 2021. The effect of resource limitation on the temperature-dependance of mosquito fitness. Proc. R. Soc. B. 288: 20203217.,10.1098/rspb.2020.3217,Paul Huxley,phuxly@gmail.com,
92993,558,PHX404,longevity,individual-level duration of life stage,3.0,days,terrestrial,laboratory,resource supply,food quantity supplied at a constant rate ,0.1,mg individual-1 day-1,Fort Myers Florida,field,decimal,26.616667,-81.833333,Aedes aegypti,Yellow fever mosquito,Animalia,Arthropoda,Insecta,Diptera,Culicidae,Aedes,aegypti,adult (starved),female,26.0,Celsius,26.0,Celsius,2.35,mm,wing length,supplementary material,Huxley et al. 2021. The effect of resource limitation on the temperature-dependance of mosquito fitness. Proc. R. Soc. B. 288: 20203217.,10.1098/rspb.2020.3217,Paul Huxley,phuxly@gmail.com,
92995,558,PHX405,longevity,individual-level duration of life stage,4.0,days,terrestrial,laboratory,resource supply,food quantity supplied at a constant rate ,0.1,mg individual-1 day-1,Fort Myers Florida,field,decimal,26.616667,-81.833333,Aedes aegypti,Yellow fever mosquito,Animalia,Arthropoda,Insecta,Diptera,Culicidae,Aedes,aegypti,adult (starved),female,26.0,Celsius,26.0,Celsius,2.26,mm,wing length,supplementary material,Huxley et al. 2021. The effect of resource limitation on the temperature-dependance of mosquito fitness. Proc. R. Soc. B. 288: 20203217.,10.1098/rspb.2020.3217,Paul Huxley,phuxly@gmail.com,
92998,558,PHX406,longevity,individual-level duration of life stage,4.0,days,terrestrial,laboratory,resource supply,food quantity supplied at a constant rate ,0.1,mg individual-1 day-1,Fort Myers Florida,field,decimal,26.616667,-81.833333,Aedes aegypti,Yellow fever mosquito,Animalia,Arthropoda,Insecta,Diptera,Culicidae,Aedes,aegypti,adult (starved),female,26.0,Celsius,26.0,Celsius,2.36,mm,wing length,supplementary material,Huxley et al. 2021. The effect of resource limitation on the temperature-dependance of mosquito fitness. Proc. R. Soc. B. 288: 20203217.,10.1098/rspb.2020.3217,Paul Huxley,phuxly@gmail.com,
93000,558,PHX407,longevity,individual-level duration of life stage,5.0,days,terrestrial,laboratory,resource supply,food quantity supplied at a constant rate ,0.1,mg individual-1 day-1,Fort Myers Florida,field,decimal,26.616667,-81.833333,Aedes aegypti,Yellow fever mosquito,Animalia,Arthropoda,Insecta,Diptera,Culicidae,Aedes,aegypti,adult (starved),female,26.0,Celsius,26.0,Celsius,2.03,mm,wing length,supplementary material,Huxley et al. 2021. The effect of resource limitation on the temperature-dependance of mosquito fitness. Proc. R. Soc. B. 288: 20203217.,10.1098/rspb.2020.3217,Paul Huxley,phuxly@gmail.com,
93002,558,PHX408,longevity,individual-level duration of life stage,7.0,days,terrestrial,laboratory,resource supply,food quantity supplied at a constant rate ,0.1,mg individual-1 day-1,Fort Myers Florida,field,decimal,26.616667,-81.833333,Aedes aegypti,Yellow fever mosquito,Animalia,Arthropoda,Insecta,Diptera,Culicidae,Aedes,aegypti,adult (starved),female,26.0,Celsius,26.0,Celsius,2.54,mm,wing length,supplementary material,Huxley et al. 2021. The effect of resource limitation on the temperature-dependance of mosquito fitness. Proc. R. Soc. B. 288: 20203217.,10.1098/rspb.2020.3217,Paul Huxley,phuxly@gmail.com,
93004,558,PHX409,longevity,individual-level duration of life stage,5.0,days,terrestrial,laboratory,resource supply,food quantity supplied at a constant rate ,0.1,mg individual-1 day-1,Fort Myers Florida,field,decimal,26.616667,-81.833333,Aedes aegypti,Yellow fever mosquito,Animalia,Arthropoda,Insecta,Diptera,Culicidae,Aedes,aegypti,adult (starved),female,26.0,Celsius,26.0,Celsius,2.51,mm,wing length,supplementary material,Huxley et al. 2021. The effect of resource limitation on the temperature-dependance of mosquito fitness. Proc. R. Soc. B. 288: 20203217.,10.1098/rspb.2020.3217,Paul Huxley,phuxly@gmail.com,
93006,558,PHX410,longevity,individual-level duration of life stage,8.0,days,terrestrial,laboratory,resource supply,food quantity supplied at a constant rate ,0.1,mg individual-1 day-1,Fort Myers Florida,field,decimal,26.616667,-81.833333,Aedes aegypti,Yellow fever mosquito,Animalia,Arthropoda,Insecta,Diptera,Culicidae,Aedes,aegypti,adult (starved),female,26.0,Celsius,26.0,Celsius,2.77,mm,wing length,supplementary material,Huxley et al. 2021. The effect of resource limitation on the temperature-dependance of mosquito fitness. Proc. R. Soc. B. 288: 20203217.,10.1098/rspb.2020.3217,Paul Huxley,phuxly@gmail.com,
93008,558,PHX411,longevity,individual-level duration of life stage,7.0,days,terrestrial,laboratory,resource supply,food quantity supplied at a constant rate ,0.1,mg individual-1 day-1,Fort Myers Florida,field,decimal,26.616667,-81.833333,Aedes aegypti,Yellow fever mosquito,Animalia,Arthropoda,Insecta,Diptera,Culicidae,Aedes,aegypti,adult (starved),female,26.0,Celsius,26.0,Celsius,2.62,mm,wing length,supplementary material,Huxley et al. 2021. The effect of resource limitation on the temperature-dependance of mosquito fitness. Proc. R. Soc. B. 288: 20203217.,10.1098/rspb.2020.3217,Paul Huxley,phuxly@gmail.com,
93011,558,PHX412,longevity,individual-level duration of life stage,9.0,days,terrestrial,laboratory,resource supply,food quantity supplied at a constant rate ,0.1,mg individual-1 day-1,Fort Myers Florida,field,decimal,26.616667,-81.833333,Aedes aegypti,Yellow fever mosquito,Animalia,Arthropoda,Insecta,Diptera,Culicidae,Aedes,aegypti,adult (starved),female,26.0,Celsius,26.0,Celsius,2.63,mm,wing length,supplementary material,Huxley et al. 2021. The effect of resource limitation on the temperature-dependance of mosquito fitness. Proc. R. Soc. B. 288: 20203217.,10.1098/rspb.2020.3217,Paul Huxley,phuxly@gmail.com,
93013,558,PHX413,longevity,individual-level duration of life stage,6.0,days,terrestrial,laboratory,resource supply,food quantity supplied at a constant rate ,1.0,mg individual-1 day-1,Fort Myers Florida,field,decimal,26.616667,-81.833333,Aedes aegypti,Yellow fever mosquito,Animalia,Arthropoda,Insecta,Diptera,Culicidae,Aedes,aegypti,adult (starved),female,26.0,Celsius,26.0,Celsius,2.9,mm,wing length,supplementary material,Huxley et al. 2021. The effect of resource limitation on the temperature-dependance of mosquito fitness. Proc. R. Soc. B. 288: 20203217.,10.1098/rspb.2020.3217,Paul Huxley,phuxly@gmail.com,
93015,558,PHX414,longevity,individual-level duration of life stage,7.0,days,terrestrial,laboratory,resource supply,food quantity supplied at a constant rate ,1.0,mg individual-1 day-1,Fort Myers Florida,field,decimal,26.616667,-81.833333,Aedes aegypti,Yellow fever mosquito,Animalia,Arthropoda,Insecta,Diptera,Culicidae,Aedes,aegypti,adult (starved),female,26.0,Celsius,26.0,Celsius,2.93,mm,wing length,supplementary material,Huxley et al. 2021. The effect of resource limitation on the temperature-dependance of mosquito fitness. Proc. R. Soc. B. 288: 20203217.,10.1098/rspb.2020.3217,Paul Huxley,phuxly@gmail.com,
93017,558,PHX415,longevity,individual-level duration of life stage,6.0,days,terrestrial,laboratory,resource supply,food quantity supplied at a constant rate ,1.0,mg individual-1 day-1,Fort Myers Florida,field,decimal,26.616667,-81.833333,Aedes aegypti,Yellow fever mosquito,Animalia,Arthropoda,Insecta,Diptera,Culicidae,Aedes,aegypti,adult (starved),female,26.0,Celsius,26.0,Celsius,2.95,mm,wing length,supplementary material,Huxley et al. 2021. The effect of resource limitation on the temperature-dependance of mosquito fitness. Proc. R. Soc. B. 288: 20203217.,10.1098/rspb.2020.3217,Paul Huxley,phuxly@gmail.com,
93019,558,PHX416,longevity,individual-level duration of life stage,9.0,days,terrestrial,laboratory,resource supply,food quantity supplied at a constant rate ,1.0,mg individual-1 day-1,Fort Myers Florida,field,decimal,26.616667,-81.833333,Aedes aegypti,Yellow fever mosquito,Animalia,Arthropoda,Insecta,Diptera,Culicidae,Aedes,aegypti,adult (starved),female,22.0,Celsius,26.0,Celsius,3.09,mm,wing length,supplementary material,Huxley et al. 2021. The effect of resource limitation on the temperature-dependance of mosquito fitness. Proc. R. Soc. B. 288: 20203217.,10.1098/rspb.2020.3217,Paul Huxley,phuxly@gmail.com,
93022,558,PHX417,longevity,individual-level duration of life stage,12.0,days,terrestrial,laboratory,resource supply,food quantity supplied at a constant rate ,1.0,mg individual-1 day-1,Fort Myers Florida,field,decimal,26.616667,-81.833333,Aedes aegypti,Yellow fever mosquito,Animalia,Arthropoda,Insecta,Diptera,Culicidae,Aedes,aegypti,adult (starved),female,22.0,Celsius,26.0,Celsius,3.18,mm,wing length,supplementary material,Huxley et al. 2021. The effect of resource limitation on the temperature-dependance of mosquito fitness. Proc. R. Soc. B. 288: 20203217.,10.1098/rspb.2020.3217,Paul Huxley,phuxly@gmail.com,
93024,558,PHX418,longevity,individual-level duration of life stage,6.0,days,terrestrial,laboratory,resource supply,food quantity supplied at a constant rate ,1.0,mg individual-1 day-1,Fort Myers Florida,field,decimal,26.616667,-81.833333,Aedes aegypti,Yellow fever mosquito,Animalia,Arthropoda,Insecta,Diptera,Culicidae,Aedes,aegypti,adult (starved),female,26.0,Celsius,26.0,Celsius,2.96,mm,wing length,supplementary material,Huxley et al. 2021. The effect of resource limitation on the temperature-dependance of mosquito fitness. Proc. R. Soc. B. 288: 20203217.,10.1098/rspb.2020.3217,Paul Huxley,phuxly@gmail.com,
93026,558,PHX419,longevity,individual-level duration of life stage,6.0,days,terrestrial,laboratory,resource supply,food quantity supplied at a constant rate ,1.0,mg individual-1 day-1,Fort Myers Florida,field,decimal,26.616667,-81.833333,Aedes aegypti,Yellow fever mosquito,Animalia,Arthropoda,Insecta,Diptera,Culicidae,Aedes,aegypti,adult (starved),female,26.0,Celsius,26.0,Celsius,2.79,mm,wing length,supplementary material,Huxley et al. 2021. The effect of resource limitation on the temperature-dependance of mosquito fitness. Proc. R. Soc. B. 288: 20203217.,10.1098/rspb.2020.3217,Paul Huxley,phuxly@gmail.com,
93028,558,PHX420,longevity,individual-level duration of life stage,7.0,days,terrestrial,laboratory,resource supply,food quantity supplied at a constant rate ,1.0,mg individual-1 day-1,Fort Myers Florida,field,decimal,26.616667,-81.833333,Aedes aegypti,Yellow fever mosquito,Animalia,Arthropoda,Insecta,Diptera,Culicidae,Aedes,aegypti,adult (starved),female,26.0,Celsius,26.0,Celsius,2.92,mm,wing length,supplementary material,Huxley et al. 2021. The effect of resource limitation on the temperature-dependance of mosquito fitness. Proc. R. Soc. B. 288: 20203217.,10.1098/rspb.2020.3217,Paul Huxley,phuxly@gmail.com,
93030,558,PHX421,longevity,individual-level duration of life stage,7.0,days,terrestrial,laboratory,resource supply,food quantity supplied at a constant rate ,1.0,mg individual-1 day-1,Fort Myers Florida,field,decimal,26.616667,-81.833333,Aedes aegypti,Yellow fever mosquito,Animalia,Arthropoda,Insecta,Diptera,Culicidae,Aedes,aegypti,adult (starved),female,26.0,Celsius,26.0,Celsius,3.02,mm,wing length,supplementary material,Huxley et al. 2021. The effect of resource limitation on the temperature-dependance of mosquito fitness. Proc. R. Soc. B. 288: 20203217.,10.1098/rspb.2020.3217,Paul Huxley,phuxly@gmail.com,
93032,558,PHX422,longevity,individual-level duration of life stage,6.0,days,terrestrial,laboratory,resource supply,food quantity supplied at a constant rate ,1.0,mg individual-1 day-1,Fort Myers Florida,field,decimal,26.616667,-81.833333,Aedes aegypti,Yellow fever mosquito,Animalia,Arthropoda,Insecta,Diptera,Culicidae,Aedes,aegypti,adult (starved),female,26.0,Celsius,26.0,Celsius,2.86,mm,wing length,supplementary material,Huxley et al. 2021. The effect of resource limitation on the temperature-dependance of mosquito fitness. Proc. R. Soc. B. 288: 20203217.,10.1098/rspb.2020.3217,Paul Huxley,phuxly@gmail.com,
93035,558,PHX423,longevity,individual-level duration of life stage,6.0,days,terrestrial,laboratory,resource supply,food quantity supplied at a constant rate ,1.0,mg individual-1 day-1,Fort Myers Florida,field,decimal,26.616667,-81.833333,Aedes aegypti,Yellow fever mosquito,Animalia,Arthropoda,Insecta,Diptera,Culicidae,Aedes,aegypti,adult (starved),female,26.0,Celsius,26.0,Celsius,3.04,mm,wing length,supplementary material,Huxley et al. 2021. The effect of resource limitation on the temperature-dependance of mosquito fitness. Proc. R. Soc. B. 288: 20203217.,10.1098/rspb.2020.3217,Paul Huxley,phuxly@gmail.com,
93037,558,PHX424,longevity,individual-level duration of life stage,7.0,days,terrestrial,laboratory,resource supply,food quantity supplied at a constant rate ,1.0,mg individual-1 day-1,Fort Myers Florida,field,decimal,26.616667,-81.833333,Aedes aegypti,Yellow fever mosquito,Animalia,Arthropoda,Insecta,Diptera,Culicidae,Aedes,aegypti,adult (starved),female,26.0,Celsius,26.0,Celsius,2.87,mm,wing length,supplementary material,Huxley et al. 2021. The effect of resource limitation on the temperature-dependance of mosquito fitness. Proc. R. Soc. B. 288: 20203217.,10.1098/rspb.2020.3217,Paul Huxley,phuxly@gmail.com,
93039,558,PHX425,longevity,individual-level duration of life stage,6.0,days,terrestrial,laboratory,resource supply,food quantity supplied at a constant rate ,1.0,mg individual-1 day-1,Fort Myers Florida,field,decimal,26.616667,-81.833333,Aedes aegypti,Yellow fever mosquito,Animalia,Arthropoda,Insecta,Diptera,Culicidae,Aedes,aegypti,adult (starved),female,26.0,Celsius,26.0,Celsius,2.71,mm,wing length,supplementary material,Huxley et al. 2021. The effect of resource limitation on the temperature-dependance of mosquito fitness. Proc. R. Soc. B. 288: 20203217.,10.1098/rspb.2020.3217,Paul Huxley,phuxly@gmail.com,
93041,558,PHX426,longevity,individual-level duration of life stage,6.0,days,terrestrial,laboratory,resource supply,food quantity supplied at a constant rate ,1.0,mg individual-1 day-1,Fort Myers Florida,field,decimal,26.616667,-81.833333,Aedes aegypti,Yellow fever mosquito,Animalia,Arthropoda,Insecta,Diptera,Culicidae,Aedes,aegypti,adult (starved),female,26.0,Celsius,26.0,Celsius,2.95,mm,wing length,supplementary material,Huxley et al. 2021. The effect of resource limitation on the temperature-dependance of mosquito fitness. Proc. R. Soc. B. 288: 20203217.,10.1098/rspb.2020.3217,Paul Huxley,phuxly@gmail.com,
93043,558,PHX427,longevity,individual-level duration of life stage,6.0,days,terrestrial,laboratory,resource supply,food quantity supplied at a constant rate ,1.0,mg individual-1 day-1,Fort Myers Florida,field,decimal,26.616667,-81.833333,Aedes aegypti,Yellow fever mosquito,Animalia,Arthropoda,Insecta,Diptera,Culicidae,Aedes,aegypti,adult (starved),female,26.0,Celsius,26.0,Celsius,2.94,mm,wing length,supplementary material,Huxley et al. 2021. The effect of resource limitation on the temperature-dependance of mosquito fitness. Proc. R. Soc. B. 288: 20203217.,10.1098/rspb.2020.3217,Paul Huxley,phuxly@gmail.com,
93045,558,PHX428,longevity,individual-level duration of life stage,6.0,days,terrestrial,laboratory,resource supply,food quantity supplied at a constant rate ,1.0,mg individual-1 day-1,Fort Myers Florida,field,decimal,26.616667,-81.833333,Aedes aegypti,Yellow fever mosquito,Animalia,Arthropoda,Insecta,Diptera,Culicidae,Aedes,aegypti,adult (starved),female,26.0,Celsius,26.0,Celsius,2.88,mm,wing length,supplementary material,Huxley et al. 2021. The effect of resource limitation on the temperature-dependance of mosquito fitness. Proc. R. Soc. B. 288: 20203217.,10.1098/rspb.2020.3217,Paul Huxley,phuxly@gmail.com,
93047,558,PHX429,longevity,individual-level duration of life stage,6.0,days,terrestrial,laboratory,resource supply,food quantity supplied at a constant rate ,1.0,mg individual-1 day-1,Fort Myers Florida,field,decimal,26.616667,-81.833333,Aedes aegypti,Yellow fever mosquito,Animalia,Arthropoda,Insecta,Diptera,Culicidae,Aedes,aegypti,adult (starved),female,26.0,Celsius,26.0,Celsius,2.89,mm,wing length,supplementary material,Huxley et al. 2021. The effect of resource limitation on the temperature-dependance of mosquito fitness. Proc. R. Soc. B. 288: 20203217.,10.1098/rspb.2020.3217,Paul Huxley,phuxly@gmail.com,
93050,558,PHX430,longevity,individual-level duration of life stage,6.0,days,terrestrial,laboratory,resource supply,food quantity supplied at a constant rate ,1.0,mg individual-1 day-1,Fort Myers Florida,field,decimal,26.616667,-81.833333,Aedes aegypti,Yellow fever mosquito,Animalia,Arthropoda,Insecta,Diptera,Culicidae,Aedes,aegypti,adult (starved),female,26.0,Celsius,26.0,Celsius,2.94,mm,wing length,supplementary material,Huxley et al. 2021. The effect of resource limitation on the temperature-dependance of mosquito fitness. Proc. R. Soc. B. 288: 20203217.,10.1098/rspb.2020.3217,Paul Huxley,phuxly@gmail.com,
93052,558,PHX431,longevity,individual-level duration of life stage,9.0,days,terrestrial,laboratory,resource supply,food quantity supplied at a constant rate ,1.0,mg individual-1 day-1,Fort Myers Florida,field,decimal,26.616667,-81.833333,Aedes aegypti,Yellow fever mosquito,Animalia,Arthropoda,Insecta,Diptera,Culicidae,Aedes,aegypti,adult (starved),female,26.0,Celsius,26.0,Celsius,2.83,mm,wing length,supplementary material,Huxley et al. 2021. The effect of resource limitation on the temperature-dependance of mosquito fitness. Proc. R. Soc. B. 288: 20203217.,10.1098/rspb.2020.3217,Paul Huxley,phuxly@gmail.com,
93054,558,PHX432,longevity,individual-level duration of life stage,7.0,days,terrestrial,laboratory,resource supply,food quantity supplied at a constant rate ,1.0,mg individual-1 day-1,Fort Myers Florida,field,decimal,26.616667,-81.833333,Aedes aegypti,Yellow fever mosquito,Animalia,Arthropoda,Insecta,Diptera,Culicidae,Aedes,aegypti,adult (starved),female,26.0,Celsius,26.0,Celsius,2.87,mm,wing length,supplementary material,Huxley et al. 2021. The effect of resource limitation on the temperature-dependance of mosquito fitness. Proc. R. Soc. B. 288: 20203217.,10.1098/rspb.2020.3217,Paul Huxley,phuxly@gmail.com,
93056,558,PHX433,longevity,individual-level duration of life stage,7.0,days,terrestrial,laboratory,resource supply,food quantity supplied at a constant rate ,1.0,mg individual-1 day-1,Fort Myers Florida,field,decimal,26.616667,-81.833333,Aedes aegypti,Yellow fever mosquito,Animalia,Arthropoda,Insecta,Diptera,Culicidae,Aedes,aegypti,adult (starved),female,26.0,Celsius,26.0,Celsius,0.0,mm,wing length,supplementary material,Huxley et al. 2021. The effect of resource limitation on the temperature-dependance of mosquito fitness. Proc. R. Soc. B. 288: 20203217.,10.1098/rspb.2020.3217,Paul Huxley,phuxly@gmail.com,wing length was not measured for this individual: zero assigned 
93058,558,PHX434,longevity,individual-level duration of life stage,9.0,days,terrestrial,laboratory,resource supply,food quantity supplied at a constant rate ,1.0,mg individual-1 day-1,Fort Myers Florida,field,decimal,26.616667,-81.833333,Aedes aegypti,Yellow fever mosquito,Animalia,Arthropoda,Insecta,Diptera,Culicidae,Aedes,aegypti,adult (starved),female,26.0,Celsius,26.0,Celsius,3.06,mm,wing length,supplementary material,Huxley et al. 2021. The effect of resource limitation on the temperature-dependance of mosquito fitness. Proc. R. Soc. B. 288: 20203217.,10.1098/rspb.2020.3217,Paul Huxley,phuxly@gmail.com,
93061,558,PHX435,longevity,individual-level duration of life stage,10.0,days,terrestrial,laboratory,resource supply,food quantity supplied at a constant rate ,1.0,mg individual-1 day-1,Fort Myers Florida,field,decimal,26.616667,-81.833333,Aedes aegypti,Yellow fever mosquito,Animalia,Arthropoda,Insecta,Diptera,Culicidae,Aedes,aegypti,adult (starved),female,26.0,Celsius,26.0,Celsius,3.09,mm,wing length,supplementary material,Huxley et al. 2021. The effect of resource limitation on the temperature-dependance of mosquito fitness. Proc. R. Soc. B. 288: 20203217.,10.1098/rspb.2020.3217,Paul Huxley,phuxly@gmail.com,
93063,558,PHX436,longevity,individual-level duration of life stage,2.0,days,terrestrial,laboratory,resource supply,food quantity supplied at a constant rate ,0.1,mg individual-1 day-1,Fort Myers Florida,field,decimal,26.616667,-81.833333,Aedes aegypti,Yellow fever mosquito,Animalia,Arthropoda,Insecta,Diptera,Culicidae,Aedes,aegypti,adult (starved),female,32.0,Celsius,26.0,Celsius,2.03,mm,wing length,supplementary material,Huxley et al. 2021. The effect of resource limitation on the temperature-dependance of mosquito fitness. Proc. R. Soc. B. 288: 20203217.,10.1098/rspb.2020.3217,Paul Huxley,phuxly@gmail.com,
93065,558,PHX437,longevity,individual-level duration of life stage,10.0,days,terrestrial,laboratory,resource supply,food quantity supplied at a constant rate ,1.0,mg individual-1 day-1,Fort Myers Florida,field,decimal,26.616667,-81.833333,Aedes aegypti,Yellow fever mosquito,Animalia,Arthropoda,Insecta,Diptera,Culicidae,Aedes,aegypti,adult (starved),female,22.0,Celsius,26.0,Celsius,3.14,mm,wing length,supplementary material,Huxley et al. 2021. The effect of resource limitation on the temperature-dependance of mosquito fitness. Proc. R. Soc. B. 288: 20203217.,10.1098/rspb.2020.3217,Paul Huxley,phuxly@gmail.com,
93067,558,PHX438,longevity,individual-level duration of life stage,1.0,days,terrestrial,laboratory,resource supply,food quantity supplied at a constant rate ,0.1,mg individual-1 day-1,Fort Myers Florida,field,decimal,26.616667,-81.833333,Aedes aegypti,Yellow fever mosquito,Animalia,Arthropoda,Insecta,Diptera,Culicidae,Aedes,aegypti,adult (starved),female,32.0,Celsius,26.0,Celsius,2.41,mm,wing length,supplementary material,Huxley et al. 2021. The effect of resource limitation on the temperature-dependance of mosquito fitness. Proc. R. Soc. B. 288: 20203217.,10.1098/rspb.2020.3217,Paul Huxley,phuxly@gmail.com,
93069,558,PHX439,longevity,individual-level duration of life stage,2.0,days,terrestrial,laboratory,resource supply,food quantity supplied at a constant rate ,0.1,mg individual-1 day-1,Fort Myers Florida,field,decimal,26.616667,-81.833333,Aedes aegypti,Yellow fever mosquito,Animalia,Arthropoda,Insecta,Diptera,Culicidae,Aedes,aegypti,adult (starved),female,32.0,Celsius,26.0,Celsius,2.28,mm,wing length,supplementary material,Huxley et al. 2021. The effect of resource limitation on the temperature-dependance of mosquito fitness. Proc. R. Soc. B. 288: 20203217.,10.1098/rspb.2020.3217,Paul Huxley,phuxly@gmail.com,
93072,558,PHX440,longevity,individual-level duration of life stage,2.0,days,terrestrial,laboratory,resource supply,food quantity supplied at a constant rate ,0.1,mg individual-1 day-1,Fort Myers Florida,field,decimal,26.616667,-81.833333,Aedes aegypti,Yellow fever mosquito,Animalia,Arthropoda,Insecta,Diptera,Culicidae,Aedes,aegypti,adult (starved),female,32.0,Celsius,26.0,Celsius,2.45,mm,wing length,supplementary material,Huxley et al. 2021. The effect of resource limitation on the temperature-dependance of mosquito fitness. Proc. R. Soc. B. 288: 20203217.,10.1098/rspb.2020.3217,Paul Huxley,phuxly@gmail.com,
93074,558,PHX441,longevity,individual-level duration of life stage,1.0,days,terrestrial,laboratory,resource supply,food quantity supplied at a constant rate ,0.1,mg individual-1 day-1,Fort Myers Florida,field,decimal,26.616667,-81.833333,Aedes aegypti,Yellow fever mosquito,Animalia,Arthropoda,Insecta,Diptera,Culicidae,Aedes,aegypti,adult (starved),female,32.0,Celsius,26.0,Celsius,2.38,mm,wing length,supplementary material,Huxley et al. 2021. The effect of resource limitation on the temperature-dependance of mosquito fitness. Proc. R. Soc. B. 288: 20203217.,10.1098/rspb.2020.3217,Paul Huxley,phuxly@gmail.com,
93076,558,PHX442,longevity,individual-level duration of life stage,3.0,days,terrestrial,laboratory,resource supply,food quantity supplied at a constant rate ,0.1,mg individual-1 day-1,Fort Myers Florida,field,decimal,26.616667,-81.833333,Aedes aegypti,Yellow fever mosquito,Animalia,Arthropoda,Insecta,Diptera,Culicidae,Aedes,aegypti,adult (starved),female,32.0,Celsius,26.0,Celsius,2.25,mm,wing length,supplementary material,Huxley et al. 2021. The effect of resource limitation on the temperature-dependance of mosquito fitness. Proc. R. Soc. B. 288: 20203217.,10.1098/rspb.2020.3217,Paul Huxley,phuxly@gmail.com,
93078,558,PHX443,longevity,individual-level duration of life stage,3.0,days,terrestrial,laboratory,resource supply,food quantity supplied at a constant rate ,0.1,mg individual-1 day-1,Fort Myers Florida,field,decimal,26.616667,-81.833333,Aedes aegypti,Yellow fever mosquito,Animalia,Arthropoda,Insecta,Diptera,Culicidae,Aedes,aegypti,adult (starved),female,32.0,Celsius,26.0,Celsius,2.07,mm,wing length,supplementary material,Huxley et al. 2021. The effect of resource limitation on the temperature-dependance of mosquito fitness. Proc. R. Soc. B. 288: 20203217.,10.1098/rspb.2020.3217,Paul Huxley,phuxly@gmail.com,
93080,558,PHX444,longevity,individual-level duration of life stage,2.0,days,terrestrial,laboratory,resource supply,food quantity supplied at a constant rate ,0.1,mg individual-1 day-1,Fort Myers Florida,field,decimal,26.616667,-81.833333,Aedes aegypti,Yellow fever mosquito,Animalia,Arthropoda,Insecta,Diptera,Culicidae,Aedes,aegypti,adult (starved),female,32.0,Celsius,26.0,Celsius,2.35,mm,wing length,supplementary material,Huxley et al. 2021. The effect of resource limitation on the temperature-dependance of mosquito fitness. Proc. R. Soc. B. 288: 20203217.,10.1098/rspb.2020.3217,Paul Huxley,phuxly@gmail.com,
93083,558,PHX445,longevity,individual-level duration of life stage,2.0,days,terrestrial,laboratory,resource supply,food quantity supplied at a constant rate ,0.1,mg individual-1 day-1,Fort Myers Florida,field,decimal,26.616667,-81.833333,Aedes aegypti,Yellow fever mosquito,Animalia,Arthropoda,Insecta,Diptera,Culicidae,Aedes,aegypti,adult (starved),female,32.0,Celsius,26.0,Celsius,2.27,mm,wing length,supplementary material,Huxley et al. 2021. The effect of resource limitation on the temperature-dependance of mosquito fitness. Proc. R. Soc. B. 288: 20203217.,10.1098/rspb.2020.3217,Paul Huxley,phuxly@gmail.com,
93085,558,PHX446,longevity,individual-level duration of life stage,1.0,days,terrestrial,laboratory,resource supply,food quantity supplied at a constant rate ,0.1,mg individual-1 day-1,Fort Myers Florida,field,decimal,26.616667,-81.833333,Aedes aegypti,Yellow fever mosquito,Animalia,Arthropoda,Insecta,Diptera,Culicidae,Aedes,aegypti,adult (starved),female,32.0,Celsius,26.0,Celsius,2.29,mm,wing length,supplementary material,Huxley et al. 2021. The effect of resource limitation on the temperature-dependance of mosquito fitness. Proc. R. Soc. B. 288: 20203217.,10.1098/rspb.2020.3217,Paul Huxley,phuxly@gmail.com,
93087,558,PHX447,longevity,individual-level duration of life stage,13.0,days,terrestrial,laboratory,resource supply,food quantity supplied at a constant rate ,1.0,mg individual-1 day-1,Fort Myers Florida,field,decimal,26.616667,-81.833333,Aedes aegypti,Yellow fever mosquito,Animalia,Arthropoda,Insecta,Diptera,Culicidae,Aedes,aegypti,adult (starved),female,22.0,Celsius,26.0,Celsius,3.07,mm,wing length,supplementary material,Huxley et al. 2021. The effect of resource limitation on the temperature-dependance of mosquito fitness. Proc. R. Soc. B. 288: 20203217.,10.1098/rspb.2020.3217,Paul Huxley,phuxly@gmail.com,
93089,558,PHX448,longevity,individual-level duration of life stage,3.0,days,terrestrial,laboratory,resource supply,food quantity supplied at a constant rate ,1.0,mg individual-1 day-1,Fort Myers Florida,field,decimal,26.616667,-81.833333,Aedes aegypti,Yellow fever mosquito,Animalia,Arthropoda,Insecta,Diptera,Culicidae,Aedes,aegypti,adult (starved),female,32.0,Celsius,26.0,Celsius,2.56,mm,wing length,supplementary material,Huxley et al. 2021. The effect of resource limitation on the temperature-dependance of mosquito fitness. Proc. R. Soc. B. 288: 20203217.,10.1098/rspb.2020.3217,Paul Huxley,phuxly@gmail.com,
93091,558,PHX449,longevity,individual-level duration of life stage,2.0,days,terrestrial,laboratory,resource supply,food quantity supplied at a constant rate ,1.0,mg individual-1 day-1,Fort Myers Florida,field,decimal,26.616667,-81.833333,Aedes aegypti,Yellow fever mosquito,Animalia,Arthropoda,Insecta,Diptera,Culicidae,Aedes,aegypti,adult (starved),female,32.0,Celsius,26.0,Celsius,2.64,mm,wing length,supplementary material,Huxley et al. 2021. The effect of resource limitation on the temperature-dependance of mosquito fitness. Proc. R. Soc. B. 288: 20203217.,10.1098/rspb.2020.3217,Paul Huxley,phuxly@gmail.com,
93094,558,PHX450,longevity,individual-level duration of life stage,8.0,days,terrestrial,laboratory,resource supply,food quantity supplied at a constant rate ,1.0,mg individual-1 day-1,Fort Myers Florida,field,decimal,26.616667,-81.833333,Aedes aegypti,Yellow fever mosquito,Animalia,Arthropoda,Insecta,Diptera,Culicidae,Aedes,aegypti,adult (starved),female,26.0,Celsius,26.0,Celsius,3.03,mm,wing length,supplementary material,Huxley et al. 2021. The effect of resource limitation on the temperature-dependance of mosquito fitness. Proc. R. Soc. B. 288: 20203217.,10.1098/rspb.2020.3217,Paul Huxley,phuxly@gmail.com,
93096,558,PHX451,longevity,individual-level duration of life stage,4.0,days,terrestrial,laboratory,resource supply,food quantity supplied at a constant rate ,1.0,mg individual-1 day-1,Fort Myers Florida,field,decimal,26.616667,-81.833333,Aedes aegypti,Yellow fever mosquito,Animalia,Arthropoda,Insecta,Diptera,Culicidae,Aedes,aegypti,adult (starved),female,32.0,Celsius,26.0,Celsius,2.65,mm,wing length,supplementary material,Huxley et al. 2021. The effect of resource limitation on the temperature-dependance of mosquito fitness. Proc. R. Soc. B. 288: 20203217.,10.1098/rspb.2020.3217,Paul Huxley,phuxly@gmail.com,
93098,558,PHX452,longevity,individual-level duration of life stage,4.0,days,terrestrial,laboratory,resource supply,food quantity supplied at a constant rate ,1.0,mg individual-1 day-1,Fort Myers Florida,field,decimal,26.616667,-81.833333,Aedes aegypti,Yellow fever mosquito,Animalia,Arthropoda,Insecta,Diptera,Culicidae,Aedes,aegypti,adult (starved),female,32.0,Celsius,26.0,Celsius,2.52,mm,wing length,supplementary material,Huxley et al. 2021. The effect of resource limitation on the temperature-dependance of mosquito fitness. Proc. R. Soc. B. 288: 20203217.,10.1098/rspb.2020.3217,Paul Huxley,phuxly@gmail.com,
93100,558,PHX453,longevity,individual-level duration of life stage,12.0,days,terrestrial,laboratory,resource supply,food quantity supplied at a constant rate ,1.0,mg individual-1 day-1,Fort Myers Florida,field,decimal,26.616667,-81.833333,Aedes aegypti,Yellow fever mosquito,Animalia,Arthropoda,Insecta,Diptera,Culicidae,Aedes,aegypti,adult (starved),female,22.0,Celsius,26.0,Celsius,3.12,mm,wing length,supplementary material,Huxley et al. 2021. The effect of resource limitation on the temperature-dependance of mosquito fitness. Proc. R. Soc. B. 288: 20203217.,10.1098/rspb.2020.3217,Paul Huxley,phuxly@gmail.com,
93102,558,PHX454,longevity,individual-level duration of life stage,3.0,days,terrestrial,laboratory,resource supply,food quantity supplied at a constant rate ,1.0,mg individual-1 day-1,Fort Myers Florida,field,decimal,26.616667,-81.833333,Aedes aegypti,Yellow fever mosquito,Animalia,Arthropoda,Insecta,Diptera,Culicidae,Aedes,aegypti,adult (starved),female,32.0,Celsius,26.0,Celsius,2.63,mm,wing length,supplementary material,Huxley et al. 2021. The effect of resource limitation on the temperature-dependance of mosquito fitness. Proc. R. Soc. B. 288: 20203217.,10.1098/rspb.2020.3217,Paul Huxley,phuxly@gmail.com,
93105,558,PHX455,longevity,individual-level duration of life stage,7.0,days,terrestrial,laboratory,resource supply,food quantity supplied at a constant rate ,1.0,mg individual-1 day-1,Fort Myers Florida,field,decimal,26.616667,-81.833333,Aedes aegypti,Yellow fever mosquito,Animalia,Arthropoda,Insecta,Diptera,Culicidae,Aedes,aegypti,adult (starved),female,26.0,Celsius,26.0,Celsius,2.92,mm,wing length,supplementary material,Huxley et al. 2021. The effect of resource limitation on the temperature-dependance of mosquito fitness. Proc. R. Soc. B. 288: 20203217.,10.1098/rspb.2020.3217,Paul Huxley,phuxly@gmail.com,
93107,558,PHX456,longevity,individual-level duration of life stage,7.0,days,terrestrial,laboratory,resource supply,food quantity supplied at a constant rate ,1.0,mg individual-1 day-1,Fort Myers Florida,field,decimal,26.616667,-81.833333,Aedes aegypti,Yellow fever mosquito,Animalia,Arthropoda,Insecta,Diptera,Culicidae,Aedes,aegypti,adult (starved),female,22.0,Celsius,26.0,Celsius,2.98,mm,wing length,supplementary material,Huxley et al. 2021. The effect of resource limitation on the temperature-dependance of mosquito fitness. Proc. R. Soc. B. 288: 20203217.,10.1098/rspb.2020.3217,Paul Huxley,phuxly@gmail.com,
93109,558,PHX457,longevity,individual-level duration of life stage,3.0,days,terrestrial,laboratory,resource supply,food quantity supplied at a constant rate ,1.0,mg individual-1 day-1,Fort Myers Florida,field,decimal,26.616667,-81.833333,Aedes aegypti,Yellow fever mosquito,Animalia,Arthropoda,Insecta,Diptera,Culicidae,Aedes,aegypti,adult (starved),female,32.0,Celsius,26.0,Celsius,2.56,mm,wing length,supplementary material,Huxley et al. 2021. The effect of resource limitation on the temperature-dependance of mosquito fitness. Proc. R. Soc. B. 288: 20203217.,10.1098/rspb.2020.3217,Paul Huxley,phuxly@gmail.com,
93111,558,PHX458,longevity,individual-level duration of life stage,1.0,days,terrestrial,laboratory,resource supply,food quantity supplied at a constant rate ,1.0,mg individual-1 day-1,Fort Myers Florida,field,decimal,26.616667,-81.833333,Aedes aegypti,Yellow fever mosquito,Animalia,Arthropoda,Insecta,Diptera,Culicidae,Aedes,aegypti,adult (starved),female,32.0,Celsius,26.0,Celsius,2.59,mm,wing length,supplementary material,Huxley et al. 2021. The effect of resource limitation on the temperature-dependance of mosquito fitness. Proc. R. Soc. B. 288: 20203217.,10.1098/rspb.2020.3217,Paul Huxley,phuxly@gmail.com,
93114,558,PHX459,longevity,individual-level duration of life stage,14.0,days,terrestrial,laboratory,resource supply,food quantity supplied at a constant rate ,1.0,mg individual-1 day-1,Fort Myers Florida,field,decimal,26.616667,-81.833333,Aedes aegypti,Yellow fever mosquito,Animalia,Arthropoda,Insecta,Diptera,Culicidae,Aedes,aegypti,adult (starved),female,22.0,Celsius,26.0,Celsius,3.15,mm,wing length,supplementary material,Huxley et al. 2021. The effect of resource limitation on the temperature-dependance of mosquito fitness. Proc. R. Soc. B. 288: 20203217.,10.1098/rspb.2020.3217,Paul Huxley,phuxly@gmail.com,
93116,558,PHX460,longevity,individual-level duration of life stage,2.0,days,terrestrial,laboratory,resource supply,food quantity supplied at a constant rate ,1.0,mg individual-1 day-1,Fort Myers Florida,field,decimal,26.616667,-81.833333,Aedes aegypti,Yellow fever mosquito,Animalia,Arthropoda,Insecta,Diptera,Culicidae,Aedes,aegypti,adult (starved),female,32.0,Celsius,26.0,Celsius,2.48,mm,wing length,supplementary material,Huxley et al. 2021. The effect of resource limitation on the temperature-dependance of mosquito fitness. Proc. R. Soc. B. 288: 20203217.,10.1098/rspb.2020.3217,Paul Huxley,phuxly@gmail.com,
93118,558,PHX461,longevity,individual-level duration of life stage,2.0,days,terrestrial,laboratory,resource supply,food quantity supplied at a constant rate ,1.0,mg individual-1 day-1,Fort Myers Florida,field,decimal,26.616667,-81.833333,Aedes aegypti,Yellow fever mosquito,Animalia,Arthropoda,Insecta,Diptera,Culicidae,Aedes,aegypti,adult (starved),female,32.0,Celsius,26.0,Celsius,2.68,mm,wing length,supplementary material,Huxley et al. 2021. The effect of resource limitation on the temperature-dependance of mosquito fitness. Proc. R. Soc. B. 288: 20203217.,10.1098/rspb.2020.3217,Paul Huxley,phuxly@gmail.com,
93120,558,PHX462,longevity,individual-level duration of life stage,6.0,days,terrestrial,laboratory,resource supply,food quantity supplied at a constant rate ,1.0,mg individual-1 day-1,Fort Myers Florida,field,decimal,26.616667,-81.833333,Aedes aegypti,Yellow fever mosquito,Animalia,Arthropoda,Insecta,Diptera,Culicidae,Aedes,aegypti,adult (starved),female,26.0,Celsius,26.0,Celsius,3.0,mm,wing length,supplementary material,Huxley et al. 2021. The effect of resource limitation on the temperature-dependance of mosquito fitness. Proc. R. Soc. B. 288: 20203217.,10.1098/rspb.2020.3217,Paul Huxley,phuxly@gmail.com,
93123,558,PHX463,longevity,individual-level duration of life stage,4.0,days,terrestrial,laboratory,resource supply,food quantity supplied at a constant rate ,1.0,mg individual-1 day-1,Fort Myers Florida,field,decimal,26.616667,-81.833333,Aedes aegypti,Yellow fever mosquito,Animalia,Arthropoda,Insecta,Diptera,Culicidae,Aedes,aegypti,adult (starved),female,32.0,Celsius,26.0,Celsius,2.59,mm,wing length,supplementary material,Huxley et al. 2021. The effect of resource limitation on the temperature-dependance of mosquito fitness. Proc. R. Soc. B. 288: 20203217.,10.1098/rspb.2020.3217,Paul Huxley,phuxly@gmail.com,
93125,558,PHX464,longevity,individual-level duration of life stage,2.0,days,terrestrial,laboratory,resource supply,food quantity supplied at a constant rate ,1.0,mg individual-1 day-1,Fort Myers Florida,field,decimal,26.616667,-81.833333,Aedes aegypti,Yellow fever mosquito,Animalia,Arthropoda,Insecta,Diptera,Culicidae,Aedes,aegypti,adult (starved),female,32.0,Celsius,26.0,Celsius,2.53,mm,wing length,supplementary material,Huxley et al. 2021. The effect of resource limitation on the temperature-dependance of mosquito fitness. Proc. R. Soc. B. 288: 20203217.,10.1098/rspb.2020.3217,Paul Huxley,phuxly@gmail.com,
93127,558,PHX465,longevity,individual-level duration of life stage,3.0,days,terrestrial,laboratory,resource supply,food quantity supplied at a constant rate ,1.0,mg individual-1 day-1,Fort Myers Florida,field,decimal,26.616667,-81.833333,Aedes aegypti,Yellow fever mosquito,Animalia,Arthropoda,Insecta,Diptera,Culicidae,Aedes,aegypti,adult (starved),female,32.0,Celsius,26.0,Celsius,2.52,mm,wing length,supplementary material,Huxley et al. 2021. The effect of resource limitation on the temperature-dependance of mosquito fitness. Proc. R. Soc. B. 288: 20203217.,10.1098/rspb.2020.3217,Paul Huxley,phuxly@gmail.com,
93129,558,PHX466,longevity,individual-level duration of life stage,3.0,days,terrestrial,laboratory,resource supply,food quantity supplied at a constant rate ,1.0,mg individual-1 day-1,Fort Myers Florida,field,decimal,26.616667,-81.833333,Aedes aegypti,Yellow fever mosquito,Animalia,Arthropoda,Insecta,Diptera,Culicidae,Aedes,aegypti,adult (starved),female,32.0,Celsius,26.0,Celsius,0.0,mm,wing length,supplementary material,Huxley et al. 2021. The effect of resource limitation on the temperature-dependance of mosquito fitness. Proc. R. Soc. B. 288: 20203217.,10.1098/rspb.2020.3217,Paul Huxley,phuxly@gmail.com,wing length was not measured for this individual: zero assigned 
93132,558,PHX467,longevity,individual-level duration of life stage,4.0,days,terrestrial,laboratory,resource supply,food quantity supplied at a constant rate ,1.0,mg individual-1 day-1,Fort Myers Florida,field,decimal,26.616667,-81.833333,Aedes aegypti,Yellow fever mosquito,Animalia,Arthropoda,Insecta,Diptera,Culicidae,Aedes,aegypti,adult (starved),female,32.0,Celsius,26.0,Celsius,2.71,mm,wing length,supplementary material,Huxley et al. 2021. The effect of resource limitation on the temperature-dependance of mosquito fitness. Proc. R. Soc. B. 288: 20203217.,10.1098/rspb.2020.3217,Paul Huxley,phuxly@gmail.com,
93134,558,PHX468,longevity,individual-level duration of life stage,4.0,days,terrestrial,laboratory,resource supply,food quantity supplied at a constant rate ,1.0,mg individual-1 day-1,Fort Myers Florida,field,decimal,26.616667,-81.833333,Aedes aegypti,Yellow fever mosquito,Animalia,Arthropoda,Insecta,Diptera,Culicidae,Aedes,aegypti,adult (starved),female,32.0,Celsius,26.0,Celsius,2.61,mm,wing length,supplementary material,Huxley et al. 2021. The effect of resource limitation on the temperature-dependance of mosquito fitness. Proc. R. Soc. B. 288: 20203217.,10.1098/rspb.2020.3217,Paul Huxley,phuxly@gmail.com,
93136,558,PHX469,longevity,individual-level duration of life stage,4.0,days,terrestrial,laboratory,resource supply,food quantity supplied at a constant rate ,1.0,mg individual-1 day-1,Fort Myers Florida,field,decimal,26.616667,-81.833333,Aedes aegypti,Yellow fever mosquito,Animalia,Arthropoda,Insecta,Diptera,Culicidae,Aedes,aegypti,adult (starved),female,32.0,Celsius,26.0,Celsius,2.61,mm,wing length,supplementary material,Huxley et al. 2021. The effect of resource limitation on the temperature-dependance of mosquito fitness. Proc. R. Soc. B. 288: 20203217.,10.1098/rspb.2020.3217,Paul Huxley,phuxly@gmail.com,
93138,558,PHX470,longevity,individual-level duration of life stage,3.0,days,terrestrial,laboratory,resource supply,food quantity supplied at a constant rate ,1.0,mg individual-1 day-1,Fort Myers Florida,field,decimal,26.616667,-81.833333,Aedes aegypti,Yellow fever mosquito,Animalia,Arthropoda,Insecta,Diptera,Culicidae,Aedes,aegypti,adult (starved),female,32.0,Celsius,26.0,Celsius,2.68,mm,wing length,supplementary material,Huxley et al. 2021. The effect of resource limitation on the temperature-dependance of mosquito fitness. Proc. R. Soc. B. 288: 20203217.,10.1098/rspb.2020.3217,Paul Huxley,phuxly@gmail.com,
93141,558,PHX471,longevity,individual-level duration of life stage,2.0,days,terrestrial,laboratory,resource supply,food quantity supplied at a constant rate ,1.0,mg individual-1 day-1,Fort Myers Florida,field,decimal,26.616667,-81.833333,Aedes aegypti,Yellow fever mosquito,Animalia,Arthropoda,Insecta,Diptera,Culicidae,Aedes,aegypti,adult (starved),female,32.0,Celsius,26.0,Celsius,2.68,mm,wing length,supplementary material,Huxley et al. 2021. The effect of resource limitation on the temperature-dependance of mosquito fitness. Proc. R. Soc. B. 288: 20203217.,10.1098/rspb.2020.3217,Paul Huxley,phuxly@gmail.com,
93143,558,PHX472,longevity,individual-level duration of life stage,3.0,days,terrestrial,laboratory,resource supply,food quantity supplied at a constant rate ,1.0,mg individual-1 day-1,Fort Myers Florida,field,decimal,26.616667,-81.833333,Aedes aegypti,Yellow fever mosquito,Animalia,Arthropoda,Insecta,Diptera,Culicidae,Aedes,aegypti,adult (starved),female,32.0,Celsius,26.0,Celsius,0.0,mm,wing length,supplementary material,Huxley et al. 2021. The effect of resource limitation on the temperature-dependance of mosquito fitness. Proc. R. Soc. B. 288: 20203217.,10.1098/rspb.2020.3217,Paul Huxley,phuxly@gmail.com,wing length was not measured for this individual: zero assigned 
93145,558,PHX473,longevity,individual-level duration of life stage,4.0,days,terrestrial,laboratory,resource supply,food quantity supplied at a constant rate ,1.0,mg individual-1 day-1,Fort Myers Florida,field,decimal,26.616667,-81.833333,Aedes aegypti,Yellow fever mosquito,Animalia,Arthropoda,Insecta,Diptera,Culicidae,Aedes,aegypti,adult (starved),female,32.0,Celsius,26.0,Celsius,0.0,mm,wing length,supplementary material,Huxley et al. 2021. The effect of resource limitation on the temperature-dependance of mosquito fitness. Proc. R. Soc. B. 288: 20203217.,10.1098/rspb.2020.3217,Paul Huxley,phuxly@gmail.com,wing length was not measured for this individual: zero assigned 
93148,558,PHX474,longevity,individual-level duration of life stage,2.0,days,terrestrial,laboratory,resource supply,food quantity supplied at a constant rate ,1.0,mg individual-1 day-1,Fort Myers Florida,field,decimal,26.616667,-81.833333,Aedes aegypti,Yellow fever mosquito,Animalia,Arthropoda,Insecta,Diptera,Culicidae,Aedes,aegypti,adult (starved),female,32.0,Celsius,26.0,Celsius,2.54,mm,wing length,supplementary material,Huxley et al. 2021. The effect of resource limitation on the temperature-dependance of mosquito fitness. Proc. R. Soc. B. 288: 20203217.,10.1098/rspb.2020.3217,Paul Huxley,phuxly@gmail.com,
93150,558,PHX475,longevity,individual-level duration of life stage,1.0,days,terrestrial,laboratory,resource supply,food quantity supplied at a constant rate ,1.0,mg individual-1 day-1,Fort Myers Florida,field,decimal,26.616667,-81.833333,Aedes aegypti,Yellow fever mosquito,Animalia,Arthropoda,Insecta,Diptera,Culicidae,Aedes,aegypti,adult (starved),female,32.0,Celsius,26.0,Celsius,2.5,mm,wing length,supplementary material,Huxley et al. 2021. The effect of resource limitation on the temperature-dependance of mosquito fitness. Proc. R. Soc. B. 288: 20203217.,10.1098/rspb.2020.3217,Paul Huxley,phuxly@gmail.com,
93152,558,PHX476,longevity,individual-level duration of life stage,2.0,days,terrestrial,laboratory,resource supply,food quantity supplied at a constant rate ,1.0,mg individual-1 day-1,Fort Myers Florida,field,decimal,26.616667,-81.833333,Aedes aegypti,Yellow fever mosquito,Animalia,Arthropoda,Insecta,Diptera,Culicidae,Aedes,aegypti,adult (starved),female,32.0,Celsius,26.0,Celsius,2.62,mm,wing length,supplementary material,Huxley et al. 2021. The effect of resource limitation on the temperature-dependance of mosquito fitness. Proc. R. Soc. B. 288: 20203217.,10.1098/rspb.2020.3217,Paul Huxley,phuxly@gmail.com,
93154,558,PHX477,longevity,individual-level duration of life stage,3.0,days,terrestrial,laboratory,resource supply,food quantity supplied at a constant rate ,1.0,mg individual-1 day-1,Fort Myers Florida,field,decimal,26.616667,-81.833333,Aedes aegypti,Yellow fever mosquito,Animalia,Arthropoda,Insecta,Diptera,Culicidae,Aedes,aegypti,adult (starved),female,32.0,Celsius,26.0,Celsius,2.56,mm,wing length,supplementary material,Huxley et al. 2021. The effect of resource limitation on the temperature-dependance of mosquito fitness. Proc. R. Soc. B. 288: 20203217.,10.1098/rspb.2020.3217,Paul Huxley,phuxly@gmail.com,
93157,558,PHX478,longevity,individual-level duration of life stage,3.0,days,terrestrial,laboratory,resource supply,food quantity supplied at a constant rate ,1.0,mg individual-1 day-1,Fort Myers Florida,field,decimal,26.616667,-81.833333,Aedes aegypti,Yellow fever mosquito,Animalia,Arthropoda,Insecta,Diptera,Culicidae,Aedes,aegypti,adult (starved),female,32.0,Celsius,26.0,Celsius,2.44,mm,wing length,supplementary material,Huxley et al. 2021. The effect of resource limitation on the temperature-dependance of mosquito fitness. Proc. R. Soc. B. 288: 20203217.,10.1098/rspb.2020.3217,Paul Huxley,phuxly@gmail.com,
93159,558,PHX479,longevity,individual-level duration of life stage,1.0,days,terrestrial,laboratory,resource supply,food quantity supplied at a constant rate ,1.0,mg individual-1 day-1,Fort Myers Florida,field,decimal,26.616667,-81.833333,Aedes aegypti,Yellow fever mosquito,Animalia,Arthropoda,Insecta,Diptera,Culicidae,Aedes,aegypti,adult (starved),female,32.0,Celsius,26.0,Celsius,2.6,mm,wing length,supplementary material,Huxley et al. 2021. The effect of resource limitation on the temperature-dependance of mosquito fitness. Proc. R. Soc. B. 288: 20203217.,10.1098/rspb.2020.3217,Paul Huxley,phuxly@gmail.com,
93161,558,PHX480,longevity,individual-level duration of life stage,2.0,days,terrestrial,laboratory,resource supply,food quantity supplied at a constant rate ,1.0,mg individual-1 day-1,Fort Myers Florida,field,decimal,26.616667,-81.833333,Aedes aegypti,Yellow fever mosquito,Animalia,Arthropoda,Insecta,Diptera,Culicidae,Aedes,aegypti,adult (starved),female,32.0,Celsius,26.0,Celsius,2.66,mm,wing length,supplementary material,Huxley et al. 2021. The effect of resource limitation on the temperature-dependance of mosquito fitness. Proc. R. Soc. B. 288: 20203217.,10.1098/rspb.2020.3217,Paul Huxley,phuxly@gmail.com,
93163,558,PHX481,longevity,individual-level duration of life stage,7.0,days,terrestrial,laboratory,resource supply,food quantity supplied at a constant rate ,0.1,mg individual-1 day-1,Fort Myers Florida,field,decimal,26.616667,-81.833333,Aedes aegypti,Yellow fever mosquito,Animalia,Arthropoda,Insecta,Diptera,Culicidae,Aedes,aegypti,adult (starved),female,26.0,Celsius,26.0,Celsius,2.48,mm,wing length,supplementary material,Huxley et al. 2021. The effect of resource limitation on the temperature-dependance of mosquito fitness. Proc. R. Soc. B. 288: 20203217.,10.1098/rspb.2020.3217,Paul Huxley,phuxly@gmail.com,
93166,558,PHX482,longevity,individual-level duration of life stage,4.0,days,terrestrial,laboratory,resource supply,food quantity supplied at a constant rate ,0.1,mg individual-1 day-1,Fort Myers Florida,field,decimal,26.616667,-81.833333,Aedes aegypti,Yellow fever mosquito,Animalia,Arthropoda,Insecta,Diptera,Culicidae,Aedes,aegypti,adult (starved),female,26.0,Celsius,26.0,Celsius,2.59,mm,wing length,supplementary material,Huxley et al. 2021. The effect of resource limitation on the temperature-dependance of mosquito fitness. Proc. R. Soc. B. 288: 20203217.,10.1098/rspb.2020.3217,Paul Huxley,phuxly@gmail.com,
93168,558,PHX483,longevity,individual-level duration of life stage,8.0,days,terrestrial,laboratory,resource supply,food quantity supplied at a constant rate ,1.0,mg individual-1 day-1,Fort Myers Florida,field,decimal,26.616667,-81.833333,Aedes aegypti,Yellow fever mosquito,Animalia,Arthropoda,Insecta,Diptera,Culicidae,Aedes,aegypti,adult (starved),female,26.0,Celsius,26.0,Celsius,2.95,mm,wing length,supplementary material,Huxley et al. 2021. The effect of resource limitation on the temperature-dependance of mosquito fitness. Proc. R. Soc. B. 288: 20203217.,10.1098/rspb.2020.3217,Paul Huxley,phuxly@gmail.com,
93170,558,PHX484,longevity,individual-level duration of life stage,14.0,days,terrestrial,laboratory,resource supply,food quantity supplied at a constant rate ,1.0,mg individual-1 day-1,Fort Myers Florida,field,decimal,26.616667,-81.833333,Aedes aegypti,Yellow fever mosquito,Animalia,Arthropoda,Insecta,Diptera,Culicidae,Aedes,aegypti,adult (starved),female,22.0,Celsius,26.0,Celsius,2.93,mm,wing length,supplementary material,Huxley et al. 2021. The effect of resource limitation on the temperature-dependance of mosquito fitness. Proc. R. Soc. B. 288: 20203217.,10.1098/rspb.2020.3217,Paul Huxley,phuxly@gmail.com,
93172,558,PHX485,longevity,individual-level duration of life stage,4.0,days,terrestrial,laboratory,resource supply,food quantity supplied at a constant rate ,0.1,mg individual-1 day-1,Fort Myers Florida,field,decimal,26.616667,-81.833333,Aedes aegypti,Yellow fever mosquito,Animalia,Arthropoda,Insecta,Diptera,Culicidae,Aedes,aegypti,adult (starved),female,26.0,Celsius,26.0,Celsius,2.39,mm,wing length,supplementary material,Huxley et al. 2021. The effect of resource limitation on the temperature-dependance of mosquito fitness. Proc. R. Soc. B. 288: 20203217.,10.1098/rspb.2020.3217,Paul Huxley,phuxly@gmail.com,
93174,558,PHX486,longevity,individual-level duration of life stage,7.0,days,terrestrial,laboratory,resource supply,food quantity supplied at a constant rate ,0.1,mg individual-1 day-1,Fort Myers Florida,field,decimal,26.616667,-81.833333,Aedes aegypti,Yellow fever mosquito,Animalia,Arthropoda,Insecta,Diptera,Culicidae,Aedes,aegypti,adult (starved),female,26.0,Celsius,26.0,Celsius,2.56,mm,wing length,supplementary material,Huxley et al. 2021. The effect of resource limitation on the temperature-dependance of mosquito fitness. Proc. R. Soc. B. 288: 20203217.,10.1098/rspb.2020.3217,Paul Huxley,phuxly@gmail.com,
